Gender,Married,Dependents,Education,Self_Employed,ApplicantIncome,CoapplicantIncome,LoanAmount,Loan_Amount_Term,Credit_History,Property_Area,Loan_Status,TotalIncome,LoanAmount_log,Logistic_Prob,Logistic_Predicted
1,0,0,1,0,5849,0.0,128.0,360.0,1.0,2,1,5849.0,4.852030263919617,0.7730546071971744,Y
1,1,1,1,0,4583,1508.0,128.0,360.0,1.0,0,0,6091.0,4.852030263919617,0.8280016843773951,Y
1,1,0,1,1,3000,0.0,66.0,360.0,1.0,2,1,3000.0,4.189654742026425,0.8663238850820641,Y
1,1,0,0,0,2583,2358.0,120.0,360.0,1.0,2,1,4941.0,4.787491742782046,0.7755838790451928,Y
1,0,0,1,0,6000,0.0,141.0,360.0,1.0,2,1,6000.0,4.948759890378168,0.7690750807117952,Y
1,1,2,1,1,5417,4196.0,267.0,360.0,1.0,2,1,9613.0,5.58724865840025,0.8009186309251859,Y
1,1,0,0,0,2333,1516.0,95.0,360.0,1.0,2,1,3849.0,4.553876891600541,0.7902797997608108,Y
1,1,3+,1,0,3036,2504.0,158.0,360.0,0.0,1,0,5540.0,5.062595033026967,0.10581457015811901,N
1,1,2,1,0,4006,1526.0,168.0,360.0,1.0,2,1,5532.0,5.123963979403259,0.8476637881490257,Y
1,1,1,1,0,12841,10968.0,349.0,360.0,1.0,1,0,23809.0,5.855071922202427,0.6938669853124966,Y
1,1,2,1,0,3200,700.0,70.0,360.0,1.0,2,1,3900.0,4.248495242049359,0.8731345430864345,Y
1,1,2,1,0,2500,1840.0,109.0,360.0,1.0,2,1,4340.0,4.691347882229144,0.8576353943955962,Y
1,1,2,1,0,3073,8106.0,200.0,360.0,1.0,2,1,11179.0,5.298317366548036,0.7869190181635562,Y
1,0,0,1,0,1853,2840.0,114.0,360.0,1.0,0,0,4693.0,4.736198448394496,0.7093098945891936,Y
1,1,2,1,0,1299,1086.0,17.0,120.0,1.0,2,1,2385.0,2.833213344056216,0.895350269438896,Y
1,0,0,1,0,4950,0.0,125.0,360.0,1.0,2,1,4950.0,4.8283137373023015,0.772721167956208,Y
1,0,1,0,0,3596,0.0,100.0,240.0,1.0,2,1,3596.0,4.605170185988092,0.7259677502203444,Y
0,0,0,1,0,3510,0.0,76.0,360.0,0.0,2,0,3510.0,4.330733340286331,0.08468841256805437,N
1,1,0,0,0,4887,0.0,133.0,360.0,1.0,0,0,4887.0,4.890349128221754,0.7648689821224265,Y
1,1,0,1,0,2600,3500.0,115.0,360.0,1.0,2,1,6100.0,4.74493212836325,0.8331199420397252,Y
1,1,0,0,0,7660,0.0,104.0,360.0,0.0,2,0,7660.0,4.6443908991413725,0.0883665592797658,N
1,1,1,1,0,5955,5625.0,315.0,360.0,1.0,2,1,11580.0,5.752572638825633,0.7675549003752299,Y
1,1,0,0,0,2600,1911.0,116.0,360.0,0.0,1,0,4511.0,4.7535901911063645,0.07008577439082947,N
1,1,2,0,0,3365,1917.0,112.0,360.0,0.0,0,0,5282.0,4.718498871295094,0.07109936134890683,N
1,1,1,1,0,3717,2925.0,151.0,360.0,1.0,1,0,6642.0,5.017279836814924,0.8231359061761542,Y
1,1,0,1,1,9560,0.0,191.0,360.0,1.0,1,1,9560.0,5.25227342804663,0.8330550013894376,Y
1,1,0,1,0,2799,2253.0,122.0,360.0,1.0,1,1,5052.0,4.804021044733257,0.828144465416008,Y
1,1,2,0,0,4226,1040.0,110.0,360.0,1.0,2,1,5266.0,4.700480365792417,0.8071671621512132,Y
1,0,0,0,0,1442,0.0,35.0,360.0,1.0,2,0,1442.0,3.555348061489413,0.7168497263076804,Y
0,0,2,1,0,3750,2083.0,120.0,360.0,1.0,1,1,5833.0,4.787491742782046,0.7693597480566812,Y
1,1,1,1,0,4166,3369.0,201.0,360.0,1.0,2,0,7535.0,5.303304908059076,0.8196926884956028,Y
1,0,0,1,0,3167,0.0,74.0,360.0,1.0,2,0,3167.0,4.30406509320417,0.7857314573242846,Y
1,0,1,1,1,4692,0.0,106.0,360.0,1.0,0,0,4692.0,4.663439094112067,0.7527059747764522,Y
1,1,0,1,0,3500,1667.0,114.0,360.0,1.0,1,1,5167.0,4.736198448394496,0.8352394471840511,Y
1,0,3+,1,0,12500,3000.0,320.0,360.0,1.0,0,0,15500.0,5.768320995793772,0.672774024831933,Y
1,1,0,1,0,2275,2067.0,128.0,360.0,1.0,2,1,4342.0,4.852030263919617,0.8397345615965904,Y
1,1,0,1,0,1828,1330.0,100.0,360.0,0.0,2,0,3158.0,4.605170185988092,0.11654870136539702,N
0,1,0,1,0,3667,1459.0,144.0,360.0,1.0,1,1,5126.0,4.969813299576001,0.8413854478260981,Y
1,0,0,1,0,4166,7210.0,184.0,360.0,1.0,2,1,11376.0,5.214935757608986,0.6754816934369875,Y
1,0,0,0,0,3748,1668.0,110.0,360.0,1.0,1,1,5416.0,4.700480365792417,0.6563151404999014,Y
1,0,0,1,0,3600,0.0,80.0,360.0,1.0,2,0,3600.0,4.382026634673881,0.7845964518937932,Y
1,0,0,1,0,1800,1213.0,47.0,360.0,1.0,2,1,3013.0,3.8501476017100575,0.7805927482501073,Y
1,1,0,1,0,2400,0.0,75.0,360.0,1.0,2,1,2400.0,4.31748811353631,0.8651613449240553,Y
1,1,0,1,0,3941,2336.0,134.0,360.0,1.0,1,1,6277.0,4.897839799950911,0.8257362514174925,Y
1,1,0,0,1,4695,0.0,96.0,360.0,1.0,2,1,4695.0,4.564348191467836,0.8042362172871209,Y
0,0,0,1,0,3410,0.0,88.0,360.0,1.0,2,1,3410.0,4.477336814478207,0.7965770645723275,Y
1,1,1,1,0,5649,0.0,44.0,360.0,1.0,2,1,5649.0,3.784189633918261,0.8788426807920924,Y
1,1,0,1,0,5821,0.0,144.0,360.0,1.0,2,1,5821.0,4.969813299576001,0.8536536089265471,Y
0,1,0,1,0,2645,3440.0,120.0,360.0,0.0,2,0,6085.0,4.787491742782046,0.11138133543705711,N
0,0,0,1,0,4000,2275.0,144.0,360.0,1.0,1,1,6275.0,4.969813299576001,0.7429581478482372,Y
0,1,0,0,0,1928,1644.0,100.0,360.0,1.0,1,1,3572.0,4.605170185988092,0.7869047047917985,Y
0,0,0,1,0,3086,0.0,120.0,360.0,1.0,1,1,3086.0,4.787491742782046,0.7713825471619673,Y
0,0,0,1,0,4230,0.0,112.0,360.0,1.0,1,0,4230.0,4.718498871295094,0.7755521216282837,Y
1,1,2,1,0,4616,0.0,134.0,360.0,1.0,2,0,4616.0,4.897839799950911,0.8657114544753388,Y
0,1,1,1,1,11500,0.0,286.0,360.0,0.0,2,0,11500.0,5.655991810819852,0.10900662086097698,N
1,1,2,1,0,2708,1167.0,97.0,360.0,1.0,1,1,3875.0,4.574710978503383,0.8537913747800212,Y
1,1,0,1,0,2132,1591.0,96.0,360.0,1.0,1,1,3723.0,4.564348191467836,0.8386354893578887,Y
1,1,0,1,0,3366,2200.0,135.0,360.0,1.0,0,0,5566.0,4.90527477843843,0.8126029112692174,Y
1,1,1,1,0,8080,2250.0,180.0,360.0,1.0,2,1,10330.0,5.19295685089021,0.8380671682355667,Y
1,1,2,0,0,3357,2859.0,144.0,360.0,1.0,2,1,6216.0,4.969813299576001,0.7804146338236979,Y
1,1,0,1,0,2500,3796.0,120.0,360.0,1.0,2,1,6296.0,4.787491742782046,0.82957903050701,Y
1,1,3+,1,0,3029,0.0,99.0,360.0,1.0,2,1,3029.0,4.59511985013459,0.8764754111229328,Y
1,1,0,0,1,2609,3449.0,165.0,180.0,0.0,0,0,6058.0,5.10594547390058,0.06173681543482605,N
1,1,1,1,0,4945,0.0,128.0,360.0,0.0,0,0,4945.0,4.852030263919617,0.10775190568471477,N
0,0,0,1,0,4166,0.0,116.0,360.0,0.0,1,0,4166.0,4.7535901911063645,0.07346250519190704,N
1,1,0,1,0,5726,4595.0,258.0,360.0,1.0,1,0,10321.0,5.552959584921617,0.7721139158105287,Y
1,0,0,0,0,3200,2254.0,126.0,180.0,0.0,2,0,5454.0,4.836281906951478,0.049208574367991455,N
1,1,1,1,0,10750,0.0,312.0,360.0,1.0,2,1,10750.0,5.7430031878094825,0.8223401650703316,Y
1,1,3+,0,1,7100,0.0,125.0,60.0,1.0,2,1,7100.0,4.8283137373023015,0.8507208458793972,Y
0,0,0,1,0,4300,0.0,136.0,360.0,0.0,1,0,4300.0,4.912654885736052,0.07109752181020425,N
1,1,0,1,0,3208,3066.0,172.0,360.0,1.0,2,1,6274.0,5.147494476813453,0.8221148850044706,Y
1,1,2,0,1,1875,1875.0,97.0,360.0,1.0,1,1,3750.0,4.574710978503383,0.7846303003280803,Y
1,0,0,1,0,3500,0.0,81.0,300.0,1.0,1,1,3500.0,4.394449154672439,0.7764931484112997,Y
1,1,3+,0,0,4755,0.0,95.0,360.0,0.0,1,0,4755.0,4.553876891600541,0.09166327868584856,N
1,1,3+,1,1,5266,1774.0,187.0,360.0,1.0,1,1,7040.0,5.231108616854587,0.835451288882564,Y
1,0,0,1,0,3750,0.0,113.0,480.0,1.0,2,0,3750.0,4.727387818712341,0.7589060052553662,Y
1,0,0,1,0,3750,4750.0,176.0,360.0,1.0,2,0,8500.0,5.170483995038151,0.7052968206621898,Y
1,1,1,1,1,1000,3022.0,110.0,360.0,1.0,2,0,4022.0,4.700480365792417,0.8408214361470838,Y
1,1,3+,1,0,3167,4000.0,180.0,300.0,0.0,1,0,7167.0,5.19295685089021,0.0990803792816712,N
1,1,3+,0,1,3333,2166.0,130.0,360.0,1.0,1,1,5499.0,4.867534450455582,0.7817755336553499,Y
0,0,0,1,0,3846,0.0,111.0,360.0,1.0,1,1,3846.0,4.709530201312334,0.775317760389506,Y
1,1,1,1,1,2395,0.0,128.0,360.0,1.0,1,1,2395.0,4.852030263919617,0.8469978290679977,Y
0,1,2,1,0,1378,1881.0,167.0,360.0,1.0,2,0,3259.0,5.117993812416755,0.85397020012216,Y
1,1,0,1,0,6000,2250.0,265.0,360.0,1.0,1,0,8250.0,5.579729825986222,0.7910430610403025,Y
1,1,1,1,0,3988,0.0,50.0,240.0,1.0,2,1,3988.0,3.912023005428146,0.885708388189935,Y
1,0,0,1,0,2366,2531.0,136.0,360.0,1.0,1,1,4897.0,4.912654885736052,0.723436911314205,Y
1,1,2,0,0,3333,2000.0,99.0,360.0,1.0,1,1,5333.0,4.59511985013459,0.7866468592376589,Y
1,1,0,1,0,2500,2118.0,104.0,360.0,1.0,1,1,4618.0,4.6443908991413725,0.8333413912366386,Y
1,0,0,1,0,8566,0.0,210.0,360.0,1.0,2,1,8566.0,5.3471075307174685,0.7494070485900907,Y
1,1,0,1,0,5695,4167.0,175.0,360.0,1.0,1,1,9862.0,5.1647859739235145,0.8020207747852467,Y
1,1,0,1,0,2958,2900.0,131.0,360.0,1.0,1,1,5858.0,4.875197323201151,0.8210959562014414,Y
1,1,2,1,0,6250,5654.0,188.0,180.0,1.0,1,1,11904.0,5.236441962829949,0.8215306989669017,Y
1,1,2,0,0,3273,1820.0,81.0,360.0,1.0,2,1,5093.0,4.394449154672439,0.8075952956809078,Y
1,0,0,1,0,4133,0.0,122.0,360.0,1.0,1,1,4133.0,4.804021044733257,0.7564410026666614,Y
1,0,0,0,0,3620,0.0,25.0,120.0,1.0,1,1,3620.0,3.218875824868201,0.7404119650938983,Y
1,0,0,1,0,6782,0.0,128.0,360.0,1.0,2,0,6782.0,4.852030263919617,0.7743915136673553,Y
0,1,0,1,0,2484,2302.0,137.0,360.0,1.0,1,1,4786.0,4.919980925828125,0.8358780360366772,Y
1,1,0,1,0,1977,997.0,50.0,360.0,1.0,1,1,2974.0,3.912023005428146,0.8526273252260597,Y
1,1,0,0,0,4188,0.0,115.0,180.0,1.0,1,1,4188.0,4.74493212836325,0.80677038446545,Y
1,1,0,1,0,1759,3541.0,131.0,360.0,1.0,1,1,5300.0,4.875197323201151,0.8146661159392069,Y
1,1,2,0,0,4288,3263.0,133.0,180.0,1.0,2,1,7551.0,4.890349128221754,0.8034901286000499,Y
1,0,0,1,0,4843,3806.0,151.0,360.0,1.0,1,1,8649.0,5.017279836814924,0.7084587388484708,Y
1,1,0,1,0,13650,0.0,128.0,360.0,1.0,2,1,13650.0,4.852030263919617,0.8649376160591207,Y
1,1,0,1,0,4652,3583.0,128.0,360.0,1.0,1,1,8235.0,4.852030263919617,0.8187025068958592,Y
1,1,0,1,0,3816,754.0,160.0,360.0,1.0,2,1,4570.0,5.075173815233827,0.8426851434232301,Y
1,1,1,1,0,3052,1030.0,100.0,360.0,1.0,2,1,4082.0,4.605170185988092,0.8596940057357711,Y
1,1,2,1,0,11417,1126.0,225.0,360.0,1.0,2,1,12543.0,5.41610040220442,0.8443312582093282,Y
1,0,0,0,0,7333,0.0,120.0,360.0,1.0,0,0,7333.0,4.787491742782046,0.6583161177662303,Y
1,1,2,1,0,3800,3600.0,216.0,360.0,0.0,2,0,7400.0,5.375278407684165,0.09533718637346884,N
1,1,3+,0,0,2071,754.0,94.0,480.0,1.0,1,1,2825.0,4.543294782270004,0.7900145567761806,Y
1,0,0,1,0,5316,0.0,136.0,360.0,1.0,2,1,5316.0,4.912654885736052,0.7697087050815546,Y
0,1,0,1,0,2929,2333.0,139.0,360.0,1.0,1,1,5262.0,4.934473933130692,0.8356532287736913,Y
1,1,0,0,0,3572,4114.0,152.0,360.0,0.0,0,0,7686.0,5.0238805208462765,0.05483152279732639,N
0,0,1,1,1,7451,0.0,128.0,360.0,1.0,1,1,7451.0,4.852030263919617,0.7812573780425247,Y
1,0,0,1,0,5050,0.0,118.0,360.0,1.0,1,1,5050.0,4.770684624465665,0.7591476419684705,Y
1,1,1,1,0,14583,0.0,185.0,180.0,1.0,0,1,14583.0,5.220355825078324,0.853185731744204,Y
0,1,0,1,0,3167,2283.0,154.0,360.0,1.0,1,1,5450.0,5.0369526024136295,0.8324586968625208,Y
1,1,1,1,0,2214,1398.0,85.0,360.0,1.0,2,1,3612.0,4.442651256490317,0.859736854586824,Y
1,1,0,1,0,5568,2142.0,175.0,360.0,1.0,0,0,7710.0,5.1647859739235145,0.8044086006477178,Y
0,0,0,1,0,10408,0.0,259.0,360.0,1.0,2,1,10408.0,5.556828061699537,0.7512785043310671,Y
1,1,0,1,0,5667,2667.0,180.0,360.0,1.0,0,1,8334.0,5.19295685089021,0.7987068989098239,Y
0,0,0,1,0,4166,0.0,44.0,360.0,1.0,1,1,4166.0,3.784189633918261,0.7949067837208623,Y
0,0,0,1,0,2137,8980.0,137.0,360.0,0.0,1,1,11117.0,4.919980925828125,0.0449245175974443,N
1,1,2,1,0,2957,0.0,81.0,360.0,1.0,1,1,2957.0,4.394449154672439,0.8647596170863662,Y
1,1,0,0,0,4300,2014.0,194.0,360.0,1.0,0,1,6314.0,5.267858159063328,0.7224713169056591,Y
0,0,0,1,0,3692,0.0,93.0,360.0,1.0,0,1,3692.0,4.532599493153256,0.7649675815443361,Y
1,1,3+,1,0,23803,0.0,370.0,360.0,1.0,0,1,23803.0,5.91350300563827,0.8085434849756709,Y
1,0,0,1,0,3865,1640.0,128.0,360.0,1.0,0,1,5505.0,4.852030263919617,0.7202267901542434,Y
1,1,1,1,1,10513,3850.0,160.0,180.0,0.0,2,0,14363.0,5.075173815233827,0.11652415339339381,N
1,1,0,1,0,6080,2569.0,182.0,360.0,1.0,0,0,8649.0,5.204006687076795,0.7994680234151138,Y
1,0,0,1,1,20166,0.0,650.0,480.0,1.0,2,1,20166.0,6.476972362889683,0.5600275639015379,Y
1,0,0,1,0,2014,1929.0,74.0,360.0,1.0,2,1,3943.0,4.30406509320417,0.7666628516972849,Y
1,0,0,1,0,2718,0.0,70.0,360.0,1.0,1,1,2718.0,4.248495242049359,0.7708731325864182,Y
1,1,0,1,1,3459,0.0,25.0,120.0,1.0,1,1,3459.0,3.218875824868201,0.8831066014706259,Y
1,0,0,1,0,4895,0.0,102.0,360.0,1.0,1,1,4895.0,4.624972813284271,0.7641285409474416,Y
1,1,3+,1,0,4000,7750.0,290.0,360.0,1.0,1,0,11750.0,5.66988092298052,0.7536502736412399,Y
0,1,0,1,0,4583,0.0,84.0,360.0,1.0,0,0,4583.0,4.430816798843313,0.8545277784858666,Y
1,1,2,1,1,3316,3500.0,88.0,360.0,1.0,2,1,6816.0,4.477336814478207,0.8510914629535242,Y
1,0,0,1,0,14999,0.0,242.0,360.0,0.0,1,0,14999.0,5.488937726156687,0.05904582630402894,N
1,1,2,0,0,4200,1430.0,129.0,360.0,1.0,0,0,5630.0,4.859812404361672,0.7682315590251951,Y
1,1,2,1,0,5042,2083.0,185.0,360.0,1.0,0,0,7125.0,5.220355825078324,0.8154297822357647,Y
1,0,0,1,0,5417,0.0,168.0,360.0,1.0,2,1,5417.0,5.123963979403259,0.7592172210492031,Y
1,0,0,1,1,6950,0.0,175.0,180.0,1.0,1,1,6950.0,5.1647859739235145,0.7653027347567224,Y
1,1,0,1,0,2698,2034.0,122.0,360.0,1.0,1,1,4732.0,4.804021044733257,0.8296436087817078,Y
1,1,2,1,0,11757,0.0,187.0,180.0,1.0,2,1,11757.0,5.231108616854587,0.8762261851192295,Y
0,1,0,1,0,2330,4486.0,100.0,360.0,1.0,1,1,6816.0,4.605170185988092,0.829176957453539,Y
0,1,2,1,0,14866,0.0,70.0,360.0,1.0,2,1,14866.0,4.248495242049359,0.895545926401186,Y
1,1,1,1,0,1538,1425.0,30.0,360.0,1.0,2,1,2963.0,3.4011973816621555,0.86914721508692,Y
0,0,0,1,0,10000,1666.0,225.0,360.0,1.0,0,0,11666.0,5.41610040220442,0.7112571322715731,Y
1,1,0,1,0,4860,830.0,125.0,360.0,1.0,1,1,5690.0,4.8283137373023015,0.8399705175319117,Y
1,0,0,1,0,6277,0.0,118.0,360.0,0.0,0,0,6277.0,4.770684624465665,0.06308776287538366,N
1,1,0,1,1,2577,3750.0,152.0,360.0,1.0,0,1,6327.0,5.0238805208462765,0.7922499743775712,Y
1,0,0,1,0,9166,0.0,244.0,360.0,1.0,2,0,9166.0,5.497168225293202,0.7380769954621291,Y
1,1,2,0,0,2281,0.0,113.0,360.0,1.0,0,0,2281.0,4.727387818712341,0.7834777724325765,Y
1,0,0,1,0,3254,0.0,50.0,360.0,1.0,2,1,3254.0,3.912023005428146,0.7924069929513873,Y
1,1,3+,1,0,39999,0.0,600.0,180.0,0.0,1,1,39999.0,6.396929655216146,0.08182935104651357,N
1,1,1,1,0,6000,0.0,160.0,360.0,1.0,0,1,6000.0,5.075173815233827,0.832402828023362,Y
1,1,1,1,0,9538,0.0,187.0,360.0,1.0,2,1,9538.0,5.231108616854587,0.8531897944974701,Y
1,0,0,1,0,2980,2083.0,120.0,360.0,1.0,0,1,5063.0,4.787491742782046,0.7170383458658658,Y
1,1,0,1,0,4583,5625.0,255.0,360.0,1.0,1,1,10208.0,5.541263545158426,0.7618849917402746,Y
1,1,0,0,0,1863,1041.0,98.0,360.0,1.0,1,1,2904.0,4.584967478670572,0.7778096984789618,Y
1,1,0,1,0,7933,0.0,275.0,360.0,1.0,2,0,7933.0,5.616771097666572,0.8226330227370268,Y
1,1,1,1,0,3089,1280.0,121.0,360.0,0.0,1,0,4369.0,4.795790545596741,0.10970450942881993,N
1,1,2,1,0,4167,1447.0,158.0,360.0,1.0,0,1,5614.0,5.062595033026967,0.8266288340592074,Y
1,1,0,1,0,9323,0.0,75.0,180.0,1.0,2,1,9323.0,4.31748811353631,0.8858363306659771,Y
1,1,0,1,0,3707,3166.0,182.0,360.0,1.0,0,1,6873.0,5.204006687076795,0.7912510424267492,Y
0,1,0,1,0,4583,0.0,112.0,360.0,1.0,0,0,4583.0,4.718498871295094,0.8482600198620143,Y
1,1,0,1,0,2439,3333.0,129.0,360.0,1.0,0,1,5772.0,4.859812404361672,0.8039901917210978,Y
1,0,0,1,0,2237,0.0,63.0,480.0,0.0,1,0,2237.0,4.143134726391533,0.06693054157520414,N
1,1,2,1,0,8000,0.0,200.0,360.0,1.0,1,1,8000.0,5.298317366548036,0.8428225568784238,Y
1,1,0,0,0,1820,1769.0,95.0,360.0,1.0,0,1,3589.0,4.553876891600541,0.7559825458468283,Y
1,1,3+,1,0,51763,0.0,700.0,300.0,1.0,2,1,51763.0,6.551080335043404,0.7773604955758213,Y
1,1,3+,0,0,3522,0.0,81.0,180.0,1.0,0,0,3522.0,4.394449154672439,0.8222851895510159,Y
1,1,0,1,0,5708,5625.0,187.0,360.0,1.0,1,1,11333.0,5.231108616854587,0.7859643519662446,Y
1,1,0,0,1,4344,736.0,87.0,360.0,1.0,1,0,5080.0,4.465908118654584,0.7855612826248056,Y
1,1,0,1,0,3497,1964.0,116.0,360.0,1.0,0,1,5461.0,4.7535901911063645,0.8197869157081585,Y
1,1,2,1,0,2045,1619.0,101.0,360.0,1.0,0,1,3664.0,4.61512051684126,0.8374501119089537,Y
1,1,3+,1,0,5516,11300.0,495.0,360.0,0.0,1,0,16816.0,6.20455776256869,0.03853337539441901,N
1,1,1,1,0,3750,0.0,116.0,360.0,1.0,1,1,3750.0,4.7535901911063645,0.8524794874707688,Y
1,0,0,0,0,2333,1451.0,102.0,480.0,0.0,2,0,3784.0,4.624972813284271,0.042874502267327905,N
1,1,1,1,0,6400,7250.0,180.0,360.0,0.0,2,0,13650.0,5.19295685089021,0.08340810435195324,N
1,0,0,1,0,1916,5063.0,67.0,360.0,1.0,0,0,6979.0,4.204692619390966,0.7024526287339042,Y
1,1,0,1,0,4600,0.0,73.0,180.0,1.0,1,1,4600.0,4.290459441148391,0.8726295104156162,Y
1,1,1,1,0,33846,0.0,260.0,360.0,1.0,1,0,33846.0,5.560681631015528,0.8496062006054473,Y
0,1,0,1,0,3625,0.0,108.0,360.0,1.0,1,1,3625.0,4.68213122712422,0.8593123609360586,Y
1,1,0,1,1,39147,4750.0,120.0,360.0,1.0,1,1,43897.0,4.787491742782046,0.8498744575120933,Y
1,1,1,1,1,2178,0.0,66.0,300.0,0.0,0,0,2178.0,4.189654742026425,0.11993890553227407,N
1,1,0,1,0,2383,2138.0,58.0,360.0,1.0,0,1,4521.0,4.060443010546419,0.8316420439871764,Y
1,1,0,1,1,674,5296.0,168.0,360.0,1.0,0,1,5970.0,5.123963979403259,0.7708017928819411,Y
1,1,0,1,0,9328,0.0,188.0,180.0,1.0,0,1,9328.0,5.236441962829949,0.8409635286180067,Y
1,0,0,0,0,4885,0.0,48.0,360.0,1.0,0,1,4885.0,3.871201010907891,0.6812323219382835,Y
1,0,0,1,0,12000,0.0,164.0,360.0,1.0,1,0,12000.0,5.099866427824199,0.7540765106651394,Y
1,1,0,0,0,6033,0.0,160.0,360.0,1.0,2,0,6033.0,5.075173815233827,0.788795777995214,Y
1,0,0,1,0,3858,0.0,76.0,360.0,1.0,1,1,3858.0,4.330733340286331,0.7707226091456395,Y
1,0,0,1,0,4191,0.0,120.0,360.0,1.0,0,1,4191.0,4.787491742782046,0.7404154639145154,Y
1,1,1,1,0,3125,2583.0,170.0,360.0,1.0,1,0,5708.0,5.135798437050262,0.8198681457691819,Y
1,0,0,1,0,8333,3750.0,187.0,360.0,1.0,0,1,12083.0,5.231108616854587,0.6820396587655844,Y
0,0,0,0,0,1907,2365.0,120.0,360.0,1.0,2,1,4272.0,4.787491742782046,0.6801799410179222,Y
0,1,0,1,0,3416,2816.0,113.0,360.0,1.0,1,1,6232.0,4.727387818712341,0.8392095413187619,Y
1,0,0,1,1,11000,0.0,83.0,360.0,1.0,2,0,11000.0,4.418840607796598,0.7921529348535299,Y
1,1,1,0,0,2600,2500.0,90.0,360.0,1.0,1,1,5100.0,4.499809670330265,0.7760703895846975,Y
1,0,2,1,0,4923,0.0,166.0,360.0,0.0,1,1,4923.0,5.111987788356544,0.06808290254874119,N
1,1,3+,0,0,3992,0.0,128.0,180.0,1.0,2,0,3992.0,4.852030263919617,0.836241472938806,Y
1,1,1,0,0,3500,1083.0,135.0,360.0,1.0,2,1,4583.0,4.90527477843843,0.7912418475999298,Y
1,1,2,0,0,3917,0.0,124.0,360.0,1.0,1,1,3917.0,4.820281565605037,0.797183854745608,Y
0,0,0,0,0,4408,0.0,120.0,360.0,1.0,1,1,4408.0,4.787491742782046,0.6918768957769654,Y
0,0,0,1,0,3244,0.0,80.0,360.0,1.0,2,1,3244.0,4.382026634673881,0.7985983661112923,Y
1,0,0,0,0,3975,2531.0,55.0,360.0,1.0,0,1,6506.0,4.007333185232471,0.6477691530946315,Y
1,0,0,1,0,2479,0.0,59.0,360.0,1.0,2,1,2479.0,4.07753744390572,0.7889767280439232,Y
1,0,0,1,0,3418,0.0,127.0,360.0,1.0,1,0,3418.0,4.844187086458591,0.7536787556051757,Y
0,0,0,1,0,10000,0.0,214.0,360.0,1.0,1,0,10000.0,5.365976015021851,0.7499268092286208,Y
1,1,3+,1,0,3430,1250.0,128.0,360.0,0.0,1,0,4680.0,4.852030263919617,0.11809472775530107,N
1,1,1,1,1,7787,0.0,240.0,360.0,1.0,2,1,7787.0,5.480638923341991,0.8369103791205883,Y
1,1,3+,0,1,5703,0.0,130.0,360.0,1.0,0,1,5703.0,4.867534450455582,0.789002813589072,Y
1,1,0,1,0,3173,3021.0,137.0,360.0,1.0,2,1,6194.0,4.919980925828125,0.8316708412885044,Y
1,1,3+,0,0,3850,983.0,100.0,360.0,1.0,1,1,4833.0,4.605170185988092,0.8031307782675106,Y
1,1,0,1,0,150,1800.0,135.0,360.0,1.0,0,0,1950.0,4.90527477843843,0.8117631034718352,Y
1,1,0,1,0,3727,1775.0,131.0,360.0,1.0,1,1,5502.0,4.875197323201151,0.8304231921160176,Y
1,1,2,1,0,5000,0.0,72.0,360.0,0.0,1,0,5000.0,4.276666119016055,0.1324609421809303,N
0,1,2,1,0,4283,2383.0,127.0,360.0,1.0,1,1,6666.0,4.844187086458591,0.8517224819325612,Y
1,1,0,1,0,2221,0.0,60.0,360.0,0.0,2,0,2221.0,4.0943445622221,0.1318814556801299,N
1,1,2,1,0,4009,1717.0,116.0,360.0,1.0,1,1,5726.0,4.7535901911063645,0.847187960756411,Y
1,0,0,1,0,2971,2791.0,144.0,360.0,1.0,1,1,5762.0,4.969813299576001,0.7187585024397766,Y
1,1,0,1,0,7578,1010.0,175.0,360.0,1.0,1,1,8588.0,5.1647859739235145,0.829016736970525,Y
1,1,0,1,0,6250,0.0,128.0,360.0,1.0,1,1,6250.0,4.852030263919617,0.8464623953105022,Y
1,1,0,1,0,3250,0.0,170.0,360.0,1.0,0,0,3250.0,5.135798437050262,0.8199335480170136,Y
1,1,0,0,1,4735,0.0,138.0,360.0,1.0,2,0,4735.0,4.927253685157205,0.7920861850860387,Y
1,1,2,1,0,6250,1695.0,210.0,360.0,1.0,1,1,7945.0,5.3471075307174685,0.8260686510641403,Y
1,1,0,1,0,4758,0.0,158.0,480.0,1.0,1,1,4758.0,5.062595033026967,0.8250337234451461,Y
1,0,0,1,1,6400,0.0,200.0,360.0,1.0,0,1,6400.0,5.298317366548036,0.712590746723875,Y
1,1,1,1,0,2491,2054.0,104.0,360.0,1.0,1,1,4545.0,4.6443908991413725,0.8400389605445558,Y
1,1,0,1,0,3716,0.0,42.0,180.0,1.0,0,1,3716.0,3.737669618283368,0.8673642271935531,Y
1,0,0,0,0,3189,2598.0,120.0,360.0,1.0,0,1,5787.0,4.787491742782046,0.6193245273864675,Y
0,0,0,1,0,8333,0.0,280.0,360.0,1.0,1,1,8333.0,5.634789603169249,0.7229534355372234,Y
1,1,1,1,0,3155,1779.0,140.0,360.0,1.0,1,1,4934.0,4.941642422609304,0.8338317358217779,Y
1,1,1,1,0,5500,1260.0,170.0,360.0,1.0,0,1,6760.0,5.135798437050262,0.8197282018616715,Y
1,1,0,1,0,5746,0.0,255.0,360.0,1.0,2,0,5746.0,5.541263545158426,0.8255657504020599,Y
0,0,0,1,1,3463,0.0,122.0,360.0,1.0,2,1,3463.0,4.804021044733257,0.7849488965883087,Y
0,0,1,1,0,3812,0.0,112.0,360.0,1.0,0,1,3812.0,4.718498871295094,0.7672844983852387,Y
1,1,1,1,0,3315,0.0,96.0,360.0,1.0,1,1,3315.0,4.564348191467836,0.8564796421377707,Y
1,1,2,1,0,5819,5000.0,120.0,360.0,1.0,0,1,10819.0,4.787491742782046,0.8115656696202763,Y
1,1,1,0,0,2510,1983.0,140.0,180.0,1.0,2,0,4493.0,4.941642422609304,0.8024574692368117,Y
1,0,0,1,0,2965,5701.0,155.0,60.0,1.0,2,1,8666.0,5.043425116919247,0.7461340708681485,Y
1,1,2,1,1,6250,1300.0,108.0,360.0,1.0,0,1,7550.0,4.68213122712422,0.841284387054165,Y
1,1,0,0,0,3406,4417.0,123.0,360.0,1.0,1,1,7823.0,4.812184355372417,0.7398187829304135,Y
1,0,0,1,1,6050,4333.0,120.0,180.0,1.0,2,0,10383.0,4.787491742782046,0.7576128006137833,Y
1,1,2,1,0,9703,0.0,112.0,360.0,1.0,2,1,9703.0,4.718498871295094,0.8749123420002377,Y
1,1,1,0,0,6608,0.0,137.0,180.0,1.0,2,1,6608.0,4.919980925828125,0.8240400187952048,Y
1,1,1,1,0,2882,1843.0,123.0,480.0,1.0,1,1,4725.0,4.812184355372417,0.8248511476956001,Y
1,1,0,1,0,1809,1868.0,90.0,360.0,1.0,2,1,3677.0,4.499809670330265,0.8495200987576546,Y
1,1,0,0,0,1668,3890.0,201.0,360.0,0.0,1,0,5558.0,5.303304908059076,0.054515147039222674,N
0,0,2,1,0,3427,0.0,138.0,360.0,1.0,2,0,3427.0,4.927253685157205,0.796876712685899,Y
1,0,0,0,1,2583,2167.0,104.0,360.0,1.0,0,1,4750.0,4.6443908991413725,0.6278079310083564,Y
1,1,1,0,0,2661,7101.0,279.0,180.0,1.0,1,1,9762.0,5.631211781821365,0.6869391679292515,Y
1,0,0,1,1,16250,0.0,192.0,360.0,0.0,2,0,16250.0,5.2574953720277815,0.07012525784260545,N
0,0,3+,1,0,3083,0.0,255.0,360.0,1.0,0,1,3083.0,5.541263545158426,0.733398343031225,Y
1,0,0,0,0,6045,0.0,115.0,360.0,0.0,0,0,6045.0,4.74493212836325,0.042590829811115574,N
1,1,3+,1,0,5250,0.0,94.0,360.0,1.0,2,0,5250.0,4.543294782270004,0.8793706707565289,Y
1,1,0,1,0,14683,2100.0,304.0,360.0,1.0,0,0,16783.0,5.717027701406222,0.7766580365740924,Y
1,1,3+,0,0,4931,0.0,128.0,360.0,1.0,1,0,4931.0,4.852030263919617,0.8046437240436299,Y
1,1,1,1,0,6083,4250.0,330.0,360.0,1.0,2,1,10333.0,5.799092654460526,0.7752761509836363,Y
1,0,0,1,0,2060,2209.0,134.0,360.0,1.0,1,1,4269.0,4.897839799950911,0.727006359408244,Y
0,0,1,1,0,3481,0.0,155.0,36.0,1.0,1,0,3481.0,5.043425116919247,0.808630317161591,Y
0,0,0,1,0,7200,0.0,120.0,360.0,1.0,0,1,7200.0,4.787491742782046,0.7614364215696128,Y
1,0,0,1,1,5166,0.0,128.0,360.0,1.0,1,1,5166.0,4.852030263919617,0.7541236414119588,Y
1,0,0,1,0,4095,3447.0,151.0,360.0,1.0,0,1,7542.0,5.017279836814924,0.6923728118747338,Y
1,1,2,1,0,4708,1387.0,150.0,360.0,1.0,1,1,6095.0,5.010635294096256,0.8420418438625956,Y
1,1,3+,1,0,4333,1811.0,160.0,360.0,0.0,2,1,6144.0,5.075173815233827,0.11899119609837353,N
0,0,0,1,0,3418,0.0,135.0,360.0,1.0,0,0,3418.0,4.90527477843843,0.7506923861099288,Y
0,0,1,1,0,2876,1560.0,90.0,360.0,1.0,2,1,4436.0,4.499809670330265,0.7894727578463051,Y
0,0,0,1,0,3237,0.0,30.0,360.0,1.0,2,1,3237.0,3.4011973816621555,0.8109383654544313,Y
1,1,0,1,0,11146,0.0,136.0,360.0,1.0,2,1,11146.0,4.912654885736052,0.8607838589079639,Y
1,0,0,1,0,2833,1857.0,126.0,360.0,1.0,0,1,4690.0,4.836281906951478,0.7169713746582708,Y
1,1,0,1,0,2620,2223.0,150.0,360.0,1.0,1,1,4843.0,5.010635294096256,0.8207407708671905,Y
1,1,2,1,0,3900,0.0,90.0,360.0,1.0,1,1,3900.0,4.499809670330265,0.8638289013477342,Y
1,1,1,1,0,2750,1842.0,115.0,360.0,1.0,1,1,4592.0,4.74493212836325,0.8391534754473581,Y
1,1,0,1,0,3993,3274.0,207.0,360.0,1.0,1,1,7267.0,5.332718793265369,0.7976220829724736,Y
1,1,0,1,0,3103,1300.0,80.0,360.0,1.0,2,1,4403.0,4.382026634673881,0.8567272032238925,Y
1,1,0,1,0,14583,0.0,436.0,360.0,1.0,1,1,14583.0,6.077642243349034,0.7666380687323378,Y
0,1,0,0,0,4100,0.0,124.0,360.0,1.0,0,1,4100.0,4.820281565605037,0.7819953987140305,Y
1,0,1,0,1,4053,2426.0,158.0,360.0,0.0,2,0,6479.0,5.062595033026967,0.042301760378838635,N
1,1,0,1,0,3927,800.0,112.0,360.0,1.0,1,1,4727.0,4.718498871295094,0.8422994846452703,Y
1,1,2,1,0,2301,985.7999878,78.0,180.0,1.0,2,1,3286.7999878,4.356708826689592,0.8835540337057947,Y
0,0,0,1,0,1811,1666.0,54.0,360.0,1.0,2,1,3477.0,3.9889840465642745,0.7895939626646968,Y
1,1,0,1,0,20667,0.0,128.0,360.0,1.0,0,0,20667.0,4.852030263919617,0.8501632634699686,Y
1,0,0,1,0,3158,3053.0,89.0,360.0,1.0,0,1,6211.0,4.48863636973214,0.7183038776030973,Y
0,0,0,1,1,2600,1717.0,99.0,300.0,1.0,1,0,4317.0,4.59511985013459,0.7676046361317512,Y
1,1,0,1,0,3704,2000.0,120.0,360.0,1.0,0,1,5704.0,4.787491742782046,0.8186897559960363,Y
0,0,0,1,0,4124,0.0,115.0,360.0,1.0,1,1,4124.0,4.74493212836325,0.7744590614387075,Y
1,0,0,1,0,9508,0.0,187.0,360.0,1.0,0,1,9508.0,5.231108616854587,0.7247064229615094,Y
1,1,0,1,0,3075,2416.0,139.0,360.0,1.0,0,1,5491.0,4.934473933130692,0.8093915531863016,Y
1,1,2,1,0,4400,0.0,127.0,360.0,0.0,1,0,4400.0,4.844187086458591,0.12115340934108984,N
1,1,2,1,0,3153,1560.0,134.0,360.0,1.0,2,1,4713.0,4.897839799950911,0.8545079328469738,Y
0,0,0,1,0,5417,0.0,143.0,480.0,0.0,2,0,5417.0,4.962844630259907,0.07087321015984886,N
1,1,0,1,0,2383,3334.0,172.0,360.0,1.0,1,1,5717.0,5.147494476813453,0.8054651323466504,Y
1,1,3+,1,0,4416,1250.0,110.0,360.0,1.0,2,1,5666.0,4.700480365792417,0.8683153062989364,Y
1,1,1,1,0,6875,0.0,200.0,360.0,1.0,1,1,6875.0,5.298317366548036,0.8354021918145658,Y
0,1,1,1,0,4666,0.0,135.0,360.0,1.0,2,1,4666.0,4.90527477843843,0.8703650209721707,Y
0,0,0,1,0,5000,2541.0,151.0,480.0,1.0,0,0,7541.0,5.017279836814924,0.7036358887100804,Y
1,1,1,1,0,2014,2925.0,113.0,360.0,1.0,2,0,4939.0,4.727387818712341,0.8432216314109445,Y
1,1,0,0,0,1800,2934.0,93.0,360.0,0.0,2,0,4734.0,4.532599493153256,0.07482010176433258,N
1,1,0,0,0,2875,1750.0,105.0,360.0,1.0,1,1,4625.0,4.653960350157523,0.7706324728369512,Y
0,0,0,1,0,5000,0.0,132.0,360.0,1.0,0,1,5000.0,4.882801922586371,0.7541261260765796,Y
1,1,1,1,0,1625,1803.0,96.0,360.0,1.0,2,1,3428.0,4.564348191467836,0.8541998205435144,Y
1,0,0,1,0,4000,2500.0,140.0,360.0,1.0,0,1,6500.0,4.941642422609304,0.7068207958765884,Y
1,0,0,0,0,2000,0.0,128.0,360.0,1.0,2,0,2000.0,4.852030263919617,0.6848373055688711,Y
0,0,0,1,0,3762,1666.0,135.0,360.0,1.0,0,1,5428.0,4.90527477843843,0.7346656989779669,Y
0,0,0,1,0,2400,1863.0,104.0,360.0,0.0,2,0,4263.0,4.6443908991413725,0.07341901616046044,N
1,0,0,1,0,20233,0.0,480.0,360.0,1.0,0,0,20233.0,6.173786103901937,0.6209622272776704,Y
1,1,2,0,0,7667,0.0,185.0,360.0,1.0,0,1,7667.0,5.220355825078324,0.7680839822354637,Y
0,0,0,1,0,2917,0.0,84.0,360.0,1.0,1,1,2917.0,4.430816798843313,0.7822335871228423,Y
1,0,0,0,0,2927,2405.0,111.0,360.0,1.0,1,1,5332.0,4.709530201312334,0.6456671819087711,Y
0,0,0,1,0,2507,0.0,56.0,360.0,1.0,0,1,2507.0,4.02535169073515,0.7743782196179871,Y
1,1,2,1,1,5746,0.0,144.0,84.0,1.0,0,1,5746.0,4.969813299576001,0.8665109698134048,Y
1,1,0,1,0,2473,1843.0,159.0,360.0,1.0,0,0,4316.0,5.068904202220232,0.8075339128407757,Y
1,1,1,0,0,3399,1640.0,111.0,180.0,1.0,2,1,5039.0,4.709530201312334,0.814505254637487,Y
1,1,2,1,0,3717,0.0,120.0,360.0,1.0,1,1,3717.0,4.787491742782046,0.857227061611099,Y
1,1,0,1,0,2058,2134.0,88.0,360.0,1.0,2,1,4192.0,4.477336814478207,0.8484551601170665,Y
0,0,1,1,0,3541,0.0,112.0,360.0,1.0,1,1,3541.0,4.718498871295094,0.7824595942290623,Y
1,1,1,1,1,10000,0.0,155.0,360.0,1.0,0,0,10000.0,5.043425116919247,0.8368076522197978,Y
1,1,0,1,0,2400,2167.0,115.0,360.0,1.0,1,1,4567.0,4.74493212836325,0.8301090304468773,Y
1,1,3+,1,0,4342,189.0,124.0,360.0,1.0,1,1,4531.0,4.820281565605037,0.8613130857953263,Y
1,1,2,0,0,3601,1590.0,128.0,360.0,1.0,0,1,5191.0,4.852030263919617,0.7661943237609825,Y
0,0,0,1,0,3166,2985.0,132.0,360.0,1.0,0,1,6151.0,4.882801922586371,0.7211937284282145,Y
1,1,3+,1,0,15000,0.0,300.0,360.0,1.0,0,1,15000.0,5.703782474656201,0.8180417012860256,Y
1,1,1,1,1,8666,4983.0,376.0,360.0,0.0,0,0,13649.0,5.929589143389895,0.05610920244362035,N
1,0,0,1,0,4917,0.0,130.0,360.0,0.0,0,1,4917.0,4.867534450455582,0.06116956093513691,N
1,1,0,1,1,5818,2160.0,184.0,360.0,1.0,1,1,7978.0,5.214935757608986,0.8141973624142398,Y
0,1,0,1,0,4333,2451.0,110.0,360.0,1.0,2,0,6784.0,4.700480365792417,0.8548904068216385,Y
0,0,0,1,0,2500,0.0,67.0,360.0,1.0,2,1,2500.0,4.204692619390966,0.8011579780884841,Y
1,0,1,1,0,4384,1793.0,117.0,360.0,1.0,2,1,6177.0,4.762173934797756,0.7660356213424512,Y
1,0,0,1,0,2935,0.0,98.0,360.0,1.0,1,1,2935.0,4.584967478670572,0.76251328103703,Y
1,0,0,1,0,2833,0.0,71.0,360.0,1.0,2,1,2833.0,4.262679877041316,0.7861271585357166,Y
1,1,0,1,0,63337,0.0,490.0,180.0,1.0,2,1,63337.0,6.194405391104672,0.8463552956488151,Y
1,1,1,1,1,9833,1833.0,182.0,180.0,1.0,2,1,11666.0,5.204006687076795,0.8580926834364975,Y
1,1,0,1,1,5503,4490.0,70.0,360.0,1.0,1,1,9993.0,4.248495242049359,0.8263140857112258,Y
1,1,1,1,0,5250,688.0,160.0,360.0,1.0,0,1,5938.0,5.075173815233827,0.826469716029988,Y
1,1,2,1,1,2500,4600.0,176.0,360.0,1.0,0,1,7100.0,5.170483995038151,0.7925936920238024,Y
0,0,3+,0,0,1830,0.0,128.0,360.0,0.0,2,0,1830.0,4.852030263919617,0.059129708510850976,N
0,0,0,1,0,4160,0.0,71.0,360.0,1.0,1,1,4160.0,4.262679877041316,0.787710139574749,Y
1,1,3+,0,0,2647,1587.0,173.0,360.0,1.0,0,0,4234.0,5.153291594497779,0.7580529874918072,Y
0,0,0,1,0,2378,0.0,46.0,360.0,1.0,0,0,2378.0,3.828641396489095,0.7769286603312109,Y
1,1,1,0,0,4554,1229.0,158.0,360.0,1.0,2,1,5783.0,5.062595033026967,0.7843319359504921,Y
1,1,3+,0,0,3173,0.0,74.0,360.0,1.0,1,1,3173.0,4.30406509320417,0.8171089601919119,Y
1,1,2,1,0,2583,2330.0,125.0,360.0,1.0,0,1,4913.0,4.8283137373023015,0.8268704502217955,Y
1,1,0,1,0,2499,2458.0,160.0,360.0,1.0,1,1,4957.0,5.075173815233827,0.8160263276684073,Y
1,1,0,0,0,3523,3230.0,152.0,360.0,0.0,0,0,6753.0,5.0238805208462765,0.05724341645688004,N
1,1,2,0,0,3083,2168.0,126.0,360.0,1.0,2,1,5251.0,4.836281906951478,0.7916229997927937,Y
1,1,0,1,0,6333,4583.0,259.0,360.0,1.0,1,1,10916.0,5.556828061699537,0.7727621649828743,Y
1,1,0,1,0,2625,6250.0,187.0,360.0,1.0,0,1,8875.0,5.231108616854587,0.7601999594720958,Y
1,1,0,1,0,9083,0.0,228.0,360.0,1.0,1,1,9083.0,5.429345628954441,0.8240258589123729,Y
1,0,0,1,0,8750,4167.0,308.0,360.0,1.0,0,0,12917.0,5.730099782973574,0.6259938692407826,Y
1,1,3+,1,0,2666,2083.0,95.0,360.0,1.0,0,1,4749.0,4.553876891600541,0.8424674794620614,Y
0,1,0,1,1,5500,0.0,105.0,360.0,0.0,0,0,5500.0,4.653960350157523,0.11548440926145428,N
0,1,0,1,0,2423,505.0,130.0,360.0,1.0,1,1,2928.0,4.867534450455582,0.8498834022844242,Y
0,0,0,1,0,3813,0.0,116.0,180.0,1.0,2,1,3813.0,4.7535901911063645,0.8102982455119657,Y
1,1,2,1,0,8333,3167.0,165.0,360.0,1.0,0,1,11500.0,5.10594547390058,0.8166059882381205,Y
1,1,1,1,0,3875,0.0,67.0,360.0,1.0,2,0,3875.0,4.204692619390966,0.8732698550066398,Y
1,1,0,0,0,3000,1666.0,100.0,480.0,0.0,2,0,4666.0,4.605170185988092,0.07307411699218919,N
1,1,3+,1,0,5167,3167.0,200.0,360.0,1.0,1,1,8334.0,5.298317366548036,0.8230497805832202,Y
0,0,1,1,0,4723,0.0,81.0,360.0,1.0,1,0,4723.0,4.394449154672439,0.7932237886064872,Y
1,1,2,1,0,5000,3667.0,236.0,360.0,1.0,1,1,8667.0,5.4638318050256105,0.8015458745670565,Y
1,1,0,1,0,4750,2333.0,130.0,360.0,1.0,2,1,7083.0,4.867534450455582,0.8401068265280479,Y
1,1,0,1,0,3013,3033.0,95.0,300.0,1.0,2,1,6046.0,4.553876891600541,0.8475800584405223,Y
1,0,0,1,1,6822,0.0,141.0,360.0,1.0,0,1,6822.0,4.948759890378168,0.7352191783491899,Y
1,0,0,0,0,6216,0.0,133.0,360.0,1.0,0,0,6216.0,4.890349128221754,0.6509019574573846,Y
1,0,0,1,0,2500,0.0,96.0,480.0,1.0,1,0,2500.0,4.564348191467836,0.7460304046696544,Y
1,0,0,1,0,5124,0.0,124.0,360.0,0.0,0,0,5124.0,4.820281565605037,0.06189801495727843,N
1,1,1,1,0,6325,0.0,175.0,360.0,1.0,1,1,6325.0,5.1647859739235145,0.8411413811572271,Y
1,1,0,1,0,19730,5266.0,570.0,360.0,1.0,0,0,24996.0,6.345636360828596,0.6474326546187913,Y
0,0,0,1,1,15759,0.0,55.0,360.0,1.0,1,1,15759.0,4.007333185232471,0.8057167002675232,Y
1,1,2,1,0,5185,0.0,155.0,360.0,1.0,1,1,5185.0,5.043425116919247,0.8507307463439194,Y
1,1,2,1,1,9323,7873.0,380.0,300.0,1.0,0,1,17196.0,5.940171252720432,0.7071668353969559,Y
1,0,1,1,0,3062,1987.0,111.0,180.0,0.0,2,0,5049.0,4.709530201312334,0.07888952378477523,N
0,0,0,1,0,2764,1459.0,110.0,360.0,1.0,2,1,4223.0,4.700480365792417,0.7764042476874975,Y
1,1,0,1,0,4817,923.0,120.0,180.0,1.0,2,1,5740.0,4.787491742782046,0.8681296752775957,Y
1,1,3+,1,0,8750,4996.0,130.0,360.0,1.0,0,1,13746.0,4.867534450455582,0.8193580693930895,Y
1,1,0,1,0,4310,0.0,130.0,360.0,1.0,1,1,4310.0,4.867534450455582,0.8439078661415769,Y
1,0,0,1,0,3069,0.0,71.0,480.0,1.0,2,0,3069.0,4.262679877041316,0.771135659338605,Y
1,1,2,1,0,5391,0.0,130.0,360.0,1.0,2,1,5391.0,4.867534450455582,0.8672902637915357,Y
1,1,0,1,0,3333,2500.0,128.0,360.0,1.0,1,1,5833.0,4.852030263919617,0.8253675839697358,Y
1,0,0,1,0,5941,4232.0,296.0,360.0,1.0,1,1,10173.0,5.69035945432406,0.6458681984595377,Y
0,0,0,1,0,6000,0.0,156.0,360.0,1.0,2,1,6000.0,5.049856007249537,0.7795850655757152,Y
1,0,0,1,1,7167,0.0,128.0,360.0,1.0,2,1,7167.0,4.852030263919617,0.7731772634704956,Y
1,1,2,1,0,4566,0.0,100.0,360.0,1.0,2,0,4566.0,4.605170185988092,0.8726403711664575,Y
1,0,1,1,0,3667,0.0,113.0,180.0,1.0,2,1,3667.0,4.727387818712341,0.8044135248569635,Y
1,0,0,0,0,2346,1600.0,132.0,360.0,1.0,1,1,3946.0,4.882801922586371,0.645457124690975,Y
1,1,0,0,0,3010,3136.0,128.0,360.0,0.0,2,0,6146.0,4.852030263919617,0.07054882959970334,N
1,1,0,1,0,2333,2417.0,136.0,360.0,1.0,2,1,4750.0,4.912654885736052,0.8353328763119893,Y
1,1,0,1,0,5488,0.0,125.0,360.0,1.0,0,1,5488.0,4.8283137373023015,0.8343957954256224,Y
1,0,3+,1,0,9167,0.0,185.0,360.0,1.0,0,1,9167.0,5.220355825078324,0.751416010261135,Y
1,1,3+,1,0,9504,0.0,275.0,360.0,1.0,0,1,9504.0,5.616771097666572,0.8184636733779503,Y
1,1,0,1,0,2583,2115.0,120.0,360.0,1.0,2,1,4698.0,4.787491742782046,0.841683189213021,Y
1,1,2,0,0,1993,1625.0,113.0,180.0,1.0,1,1,3618.0,4.727387818712341,0.8056145231887945,Y
1,1,2,1,0,3100,1400.0,113.0,360.0,1.0,2,1,4500.0,4.727387818712341,0.8601349766707663,Y
1,1,2,1,0,3276,484.0,135.0,360.0,1.0,1,1,3760.0,4.90527477843843,0.8502218407540244,Y
0,0,0,1,0,3180,0.0,71.0,360.0,0.0,2,0,3180.0,4.262679877041316,0.08513866425359935,N
1,1,0,1,0,3033,1459.0,95.0,360.0,1.0,2,1,4492.0,4.553876891600541,0.8523753289166502,Y
1,0,0,0,0,3902,1666.0,109.0,360.0,1.0,0,1,5568.0,4.691347882229144,0.6366467104891137,Y
0,0,0,1,0,1500,1800.0,103.0,360.0,0.0,1,0,3300.0,4.634728988229636,0.06742973765983884,N
1,1,2,0,0,2889,0.0,45.0,180.0,0.0,2,0,2889.0,3.80666248977032,0.11421939236060905,N
1,0,0,0,0,2755,0.0,65.0,300.0,1.0,0,0,2755.0,4.174387269895637,0.6811593684426981,Y
1,0,0,1,0,2500,20000.0,103.0,360.0,1.0,1,1,22500.0,4.634728988229636,0.5282856662494757,Y
0,0,0,0,0,1963,0.0,53.0,360.0,1.0,1,1,1963.0,3.970291913552122,0.7119213971191322,Y
0,0,0,1,1,7441,0.0,194.0,360.0,1.0,0,0,7441.0,5.267858159063328,0.7341164812263188,Y
0,0,0,1,0,4547,0.0,115.0,360.0,1.0,1,1,4547.0,4.74493212836325,0.7750632129424155,Y
1,1,0,0,0,2167,2400.0,115.0,360.0,1.0,2,1,4567.0,4.74493212836325,0.7761825370105483,Y
0,0,0,0,0,2213,0.0,66.0,360.0,1.0,0,1,2213.0,4.189654742026425,0.6891936920283851,Y
1,1,1,1,0,8300,0.0,152.0,300.0,0.0,1,0,8300.0,5.0238805208462765,0.11953974170861156,N
1,1,3+,1,0,81000,0.0,360.0,360.0,0.0,0,0,81000.0,5.886104031450156,0.13718222316400808,N
0,0,1,0,1,3867,0.0,62.0,360.0,1.0,1,0,3867.0,4.127134385045092,0.7193879170506574,Y
1,1,0,1,0,6256,0.0,160.0,360.0,1.0,2,1,6256.0,5.075173815233827,0.8503759466740658,Y
1,1,0,0,0,6096,0.0,218.0,360.0,0.0,0,0,6096.0,5.384495062789089,0.06089195575427097,N
1,1,0,0,0,2253,2033.0,110.0,360.0,1.0,0,1,4286.0,4.700480365792417,0.7491122823812092,Y
0,1,0,0,0,2149,3237.0,178.0,360.0,0.0,1,0,5386.0,5.181783550292085,0.06390217787677752,N
0,0,0,1,0,2995,0.0,60.0,360.0,1.0,2,1,2995.0,4.0943445622221,0.8036357010088071,Y
0,0,1,1,0,2600,0.0,160.0,360.0,1.0,2,0,2600.0,5.075173815233827,0.7813886097957026,Y
1,1,2,1,1,1600,20000.0,239.0,360.0,1.0,2,0,21600.0,5.476463551931511,0.6437412496804126,Y
1,1,0,1,0,1025,2773.0,112.0,360.0,1.0,0,1,3798.0,4.718498871295094,0.8114984707924574,Y
1,1,0,1,0,3246,1417.0,138.0,360.0,1.0,1,1,4663.0,4.927253685157205,0.8306889373446124,Y
1,1,0,1,0,5829,0.0,138.0,360.0,1.0,0,1,5829.0,4.927253685157205,0.8314816564543689,Y
0,0,0,0,0,2720,0.0,80.0,360.0,0.0,2,0,2720.0,4.382026634673881,0.056697336199615186,N
1,1,0,1,0,1820,1719.0,100.0,360.0,1.0,2,1,3539.0,4.605170185988092,0.8482636000669203,Y
1,1,1,1,0,7250,1667.0,110.0,360.0,0.0,2,0,8917.0,4.700480365792417,0.1223057552127807,N
1,1,0,1,0,14880,0.0,96.0,360.0,1.0,1,1,14880.0,4.564348191467836,0.8623851061875415,Y
1,1,0,1,0,2666,4300.0,121.0,360.0,1.0,0,1,6966.0,4.795790545596741,0.7985886316606279,Y
0,0,1,0,0,4606,0.0,81.0,360.0,1.0,0,0,4606.0,4.394449154672439,0.6976706866308404,Y
1,1,2,1,0,5935,0.0,133.0,360.0,1.0,1,1,5935.0,4.890349128221754,0.8565528981195344,Y
1,1,0,1,0,2920,16.12000084,87.0,360.0,1.0,0,1,2936.12000084,4.465908118654584,0.8406511892534272,Y
1,0,0,0,0,2717,0.0,60.0,180.0,1.0,2,1,2717.0,4.0943445622221,0.7377756635271533,Y
0,0,1,1,1,8624,0.0,150.0,360.0,1.0,1,1,8624.0,5.010635294096256,0.7759569056214329,Y
1,0,0,1,0,6500,0.0,105.0,360.0,0.0,0,0,6500.0,4.653960350157523,0.06459278246864537,N
1,0,0,1,0,12876,0.0,405.0,360.0,1.0,1,1,12876.0,6.003887067106539,0.661063495689295,Y
1,1,0,1,0,2425,2340.0,143.0,360.0,1.0,1,1,4765.0,4.962844630259907,0.8215061035683908,Y
1,0,0,1,0,3750,0.0,100.0,360.0,1.0,2,1,3750.0,4.605170185988092,0.7788310262744227,Y
0,1,0,1,0,10047,0.0,128.0,240.0,1.0,1,1,10047.0,4.852030263919617,0.8715736793911433,Y
1,0,0,1,0,1926,1851.0,50.0,360.0,1.0,1,1,3777.0,3.912023005428146,0.75824203445411,Y
1,1,0,1,0,2213,1125.0,128.0,360.0,1.0,2,1,3338.0,4.852030263919617,0.8461565411891239,Y
1,0,0,1,1,10416,0.0,187.0,360.0,0.0,2,0,10416.0,5.231108616854587,0.06766386784654435,N
0,1,0,0,1,7142,0.0,138.0,360.0,1.0,0,1,7142.0,4.927253685157205,0.7801587633365863,Y
1,0,0,1,0,3660,5064.0,187.0,360.0,1.0,1,1,8724.0,5.231108616854587,0.6782560268204311,Y
1,1,0,1,0,7901,1833.0,180.0,360.0,1.0,0,1,9734.0,5.19295685089021,0.8084419133573196,Y
1,0,3+,0,0,4707,1993.0,148.0,360.0,1.0,1,1,6700.0,4.997212273764115,0.6695014542950102,Y
1,0,1,1,0,37719,0.0,152.0,360.0,1.0,1,1,37719.0,5.0238805208462765,0.8020201363415442,Y
1,1,0,1,0,7333,8333.0,175.0,300.0,1.0,0,1,15666.0,5.1647859739235145,0.7596591087774038,Y
1,1,1,1,1,3466,1210.0,130.0,360.0,1.0,0,1,4676.0,4.867534450455582,0.8269499074679373,Y
1,1,2,0,0,4652,0.0,110.0,360.0,1.0,0,1,4652.0,4.700480365792417,0.7876546943607083,Y
1,1,0,1,0,3539,1376.0,55.0,360.0,1.0,0,0,4915.0,4.007333185232471,0.8390617944225011,Y
1,1,2,1,0,3340,1710.0,150.0,360.0,0.0,0,0,5050.0,5.010635294096256,0.09880056388534779,N
1,0,1,0,1,2769,1542.0,190.0,360.0,1.0,1,0,4311.0,5.247024072160486,0.6303620600090183,Y
1,1,2,0,0,2309,1255.0,125.0,360.0,0.0,0,0,3564.0,4.8283137373023015,0.07125165015263786,N
1,1,2,0,0,1958,1456.0,60.0,300.0,1.0,2,1,3414.0,4.0943445622221,0.8209043102244218,Y
1,1,0,1,0,3948,1733.0,149.0,360.0,0.0,0,0,5681.0,5.003946305945459,0.09141082016798992,N
1,1,0,1,0,2483,2466.0,90.0,180.0,0.0,0,1,4949.0,4.499809670330265,0.10844603644324866,N
1,0,0,1,1,7085,0.0,84.0,360.0,1.0,1,1,7085.0,4.430816798843313,0.7711720609680555,Y
1,1,2,1,0,3859,0.0,96.0,360.0,1.0,1,1,3859.0,4.564348191467836,0.8625426844602945,Y
1,1,0,1,0,4301,0.0,118.0,360.0,1.0,2,1,4301.0,4.770684624465665,0.8579722580742273,Y
1,1,0,1,0,3708,2569.0,173.0,360.0,1.0,2,0,6277.0,5.153291594497779,0.826186053340989,Y
1,0,2,1,0,4354,0.0,136.0,360.0,1.0,0,1,4354.0,4.912654885736052,0.752474679482216,Y
1,1,0,1,0,8334,0.0,160.0,360.0,1.0,1,0,8334.0,5.075173815233827,0.8409515897078781,Y
1,1,0,1,1,2083,4083.0,160.0,360.0,1.0,1,1,6166.0,5.075173815233827,0.8008469086397441,Y
1,1,3+,1,0,7740,0.0,128.0,180.0,1.0,2,1,7740.0,4.852030263919617,0.8888695534875326,Y
1,1,0,1,0,3015,2188.0,153.0,360.0,1.0,0,1,5203.0,5.030437921392435,0.807158748961725,Y
0,0,1,0,0,5191,0.0,132.0,360.0,1.0,1,1,5191.0,4.882801922586371,0.6983090048847233,Y
1,0,0,1,0,4166,0.0,98.0,360.0,0.0,1,0,4166.0,4.584967478670572,0.06976535814156362,N
1,0,0,1,0,6000,0.0,140.0,360.0,1.0,0,1,6000.0,4.941642422609304,0.7362295214246787,Y
1,1,3+,0,0,2947,1664.0,70.0,180.0,0.0,2,0,4611.0,4.248495242049359,0.10630638578294188,N
1,1,0,1,0,16692,0.0,110.0,360.0,1.0,1,1,16692.0,4.700480365792417,0.8611815073167516,Y
0,1,2,0,0,210,2917.0,98.0,360.0,1.0,1,1,3127.0,4.584967478670572,0.789370655758562,Y
1,1,0,1,0,4333,2451.0,110.0,360.0,1.0,2,0,6784.0,4.700480365792417,0.8436538117238275,Y
1,1,1,1,1,3450,2079.0,162.0,360.0,1.0,1,1,5529.0,5.087596335232384,0.8247876801659684,Y
1,1,1,0,0,2653,1500.0,113.0,180.0,0.0,0,0,4153.0,4.727387818712341,0.07811678978882976,N
1,1,3+,1,0,4691,0.0,100.0,360.0,1.0,1,1,4691.0,4.605170185988092,0.867847817648196,Y
0,0,0,1,1,2500,0.0,93.0,360.0,1.0,2,1,2500.0,4.532599493153256,0.792281916451079,Y
1,0,2,1,0,5532,4648.0,162.0,360.0,1.0,0,1,10180.0,5.087596335232384,0.6967062912074115,Y
1,1,2,1,1,16525,1014.0,150.0,360.0,1.0,0,1,17539.0,5.010635294096256,0.8442642145933935,Y
1,1,2,1,0,6700,1750.0,230.0,300.0,1.0,1,1,8450.0,5.438079308923196,0.8271411129199754,Y
1,1,2,1,0,2873,1872.0,132.0,360.0,0.0,1,0,4745.0,4.882801922586371,0.10903986064741257,N
1,1,1,1,1,16667,2250.0,86.0,360.0,1.0,1,1,18917.0,4.454347296253507,0.8564357896972297,Y
1,1,2,1,0,2947,1603.0,128.0,360.0,1.0,2,0,4550.0,4.852030263919617,0.8553794010327676,Y
0,0,0,0,0,4350,0.0,154.0,360.0,1.0,0,1,4350.0,5.0369526024136295,0.6585705567755101,Y
1,1,3+,0,0,3095,0.0,113.0,360.0,1.0,0,1,3095.0,4.727387818712341,0.7922393487930195,Y
1,1,0,1,0,2083,3150.0,128.0,360.0,1.0,1,1,5233.0,4.852030263919617,0.8189261245078128,Y
1,1,0,1,0,10833,0.0,234.0,360.0,1.0,1,1,10833.0,5.455321115357702,0.8244537510001588,Y
1,1,2,1,0,8333,0.0,246.0,360.0,1.0,1,1,8333.0,5.5053315359323625,0.8313335389074857,Y
1,1,1,0,0,1958,2436.0,131.0,360.0,1.0,0,1,4394.0,4.875197323201151,0.7461602566837605,Y
1,0,2,1,0,3547,0.0,80.0,360.0,0.0,0,0,3547.0,4.382026634673881,0.07165108766220254,N
1,1,1,1,0,18333,0.0,500.0,360.0,1.0,2,0,18333.0,6.214608098422191,0.773973956626171,Y
1,1,2,1,1,4583,2083.0,160.0,360.0,1.0,1,1,6666.0,5.075173815233827,0.8330873589110707,Y
1,0,0,1,0,2435,0.0,75.0,360.0,1.0,2,0,2435.0,4.31748811353631,0.7844332450135253,Y
1,0,0,0,0,2699,2785.0,96.0,360.0,1.0,1,1,5484.0,4.564348191467836,0.6468306088477735,Y
1,1,1,0,0,5333,1131.0,186.0,360.0,1.0,2,1,6464.0,5.225746673713202,0.7773683029270547,Y
1,0,0,0,0,3691,0.0,110.0,360.0,1.0,0,1,3691.0,4.700480365792417,0.6556610965621967,Y
0,0,0,0,1,17263,0.0,225.0,360.0,1.0,1,1,17263.0,5.41610040220442,0.6701230852562823,Y
1,1,0,1,0,3597,2157.0,119.0,360.0,0.0,0,0,5754.0,4.77912349311153,0.09392517290197969,N
0,1,1,1,0,3326,913.0,105.0,84.0,1.0,1,1,4239.0,4.653960350157523,0.8823949013904072,Y
1,1,0,0,0,2600,1700.0,107.0,360.0,1.0,0,1,4300.0,4.672828834461906,0.7538826184923659,Y
1,1,0,1,0,4625,2857.0,111.0,12.0,1.0,2,1,7482.0,4.709530201312334,0.8724774091344945,Y
1,1,1,1,1,2895,0.0,95.0,360.0,1.0,1,1,2895.0,4.553876891600541,0.8550279871364452,Y
1,0,0,1,0,6283,4416.0,209.0,360.0,0.0,0,0,10699.0,5.342334251964811,0.043251491583384025,N
0,0,0,1,0,645,3683.0,113.0,480.0,1.0,0,1,4328.0,4.727387818712341,0.6982459666300569,Y
0,0,0,1,0,3159,0.0,100.0,360.0,1.0,1,1,3159.0,4.605170185988092,0.7777513048889793,Y
1,1,2,1,0,4865,5624.0,208.0,360.0,1.0,1,1,10489.0,5.337538079701318,0.7934726791730503,Y
1,1,1,0,0,4050,5302.0,138.0,360.0,1.0,0,0,9352.0,4.927253685157205,0.7177659688678513,Y
1,1,0,0,0,3814,1483.0,124.0,300.0,1.0,1,1,5297.0,4.820281565605037,0.7762079857271148,Y
1,1,2,1,0,3510,4416.0,243.0,360.0,1.0,0,1,7926.0,5.493061443340548,0.7759623038703068,Y
1,1,0,1,0,20833,6667.0,480.0,360.0,1.0,2,1,27500.0,6.173786103901937,0.7104345688666904,Y
1,0,0,1,0,3583,0.0,96.0,360.0,1.0,2,0,3583.0,4.564348191467836,0.7798142032639073,Y
1,1,0,1,1,2479,3013.0,188.0,360.0,1.0,2,1,5492.0,5.236441962829949,0.8157091873765064,Y
0,0,1,1,0,13262,0.0,40.0,360.0,1.0,2,1,13262.0,3.688879454113936,0.8278037022109396,Y
1,0,0,0,0,3598,1287.0,100.0,360.0,1.0,0,0,4885.0,4.605170185988092,0.6443127267929394,Y
1,1,1,1,0,6065,2004.0,250.0,360.0,1.0,1,1,8069.0,5.521460917862246,0.8051639011772294,Y
1,1,2,1,0,3283,2035.0,148.0,360.0,1.0,2,1,5318.0,4.997212273764115,0.8482625560201764,Y
1,1,0,1,0,2130,6666.0,70.0,180.0,1.0,1,0,8796.0,4.248495242049359,0.8266930093177316,Y
1,0,0,1,0,5815,3666.0,311.0,360.0,1.0,0,0,9481.0,5.739792912179234,0.625126340863582,Y
1,1,3+,1,0,3466,3428.0,150.0,360.0,1.0,0,1,6894.0,5.010635294096256,0.8196016284243187,Y
0,1,2,1,0,2031,1632.0,113.0,480.0,1.0,1,1,3663.0,4.727387818712341,0.8462172284205784,Y
1,1,0,0,0,3074,1800.0,123.0,360.0,0.0,1,0,4874.0,4.812184355372417,0.06988976020951138,N
1,0,0,1,0,4683,1915.0,185.0,360.0,1.0,1,0,6598.0,5.220355825078324,0.7154008950078499,Y
0,0,0,0,0,3400,0.0,95.0,360.0,1.0,0,0,3400.0,4.553876891600541,0.6805174721466996,Y
1,1,2,0,0,2192,1742.0,45.0,360.0,1.0,1,1,3934.0,3.80666248977032,0.8021110087274235,Y
1,0,0,1,0,2500,0.0,55.0,360.0,1.0,1,1,2500.0,4.007333185232471,0.7748965381720123,Y
1,1,3+,1,1,5677,1424.0,100.0,360.0,1.0,0,1,7101.0,4.605170185988092,0.8477038446285678,Y
1,1,2,1,1,7948,7166.0,480.0,360.0,1.0,0,1,15114.0,6.173786103901937,0.6612887407284552,Y
1,0,0,1,0,4680,2087.0,128.0,360.0,1.0,1,0,6767.0,4.852030263919617,0.7346276838906446,Y
1,1,2,1,1,17500,0.0,400.0,360.0,1.0,0,1,17500.0,5.991464547107982,0.7816301975967072,Y
1,1,0,1,0,3775,0.0,110.0,360.0,1.0,1,1,3775.0,4.700480365792417,0.848053888257201,Y
1,1,1,0,0,5285,1430.0,161.0,360.0,0.0,1,1,6715.0,5.081404364984463,0.07076056663827111,N
1,0,1,0,0,2679,1302.0,94.0,360.0,1.0,1,1,3981.0,4.543294782270004,0.6751216161115774,Y
1,0,0,0,0,6783,0.0,130.0,360.0,1.0,1,1,6783.0,4.867534450455582,0.6731262548301156,Y
1,1,0,1,0,1025,5500.0,216.0,360.0,1.0,0,1,6525.0,5.375278407684165,0.7549431414957123,Y
1,1,3+,1,0,4281,0.0,100.0,360.0,1.0,2,1,4281.0,4.605170185988092,0.877389813634486,Y
1,0,2,1,0,3588,0.0,110.0,360.0,0.0,0,0,3588.0,4.700480365792417,0.0682344245710629,N
1,0,1,1,0,11250,0.0,196.0,360.0,1.0,1,0,11250.0,5.278114659230517,0.7503166177583761,Y
0,0,0,0,1,18165,0.0,125.0,360.0,1.0,2,1,18165.0,4.8283137373023015,0.7293999489279033,Y
1,0,0,0,0,2550,2042.0,126.0,360.0,1.0,0,1,4592.0,4.836281906951478,0.6223414875990595,Y
1,1,0,1,0,6133,3906.0,324.0,360.0,1.0,2,1,10039.0,5.780743515792329,0.7724896795232471,Y
1,0,2,1,0,3617,0.0,107.0,360.0,1.0,1,1,3617.0,4.672828834461906,0.7768837842408579,Y
1,1,0,0,0,2917,536.0,66.0,360.0,1.0,0,0,3453.0,4.189654742026425,0.7779637147738891,Y
1,1,3+,1,0,6417,0.0,157.0,180.0,1.0,0,1,6417.0,5.056245805348308,0.8625527563854485,Y
0,1,1,1,0,4608,2845.0,140.0,180.0,1.0,1,1,7453.0,4.941642422609304,0.8570085329120488,Y
0,0,0,1,0,2138,0.0,99.0,360.0,0.0,1,0,2138.0,4.59511985013459,0.07440903167647417,N
0,0,1,1,0,3652,0.0,95.0,360.0,1.0,1,1,3652.0,4.553876891600541,0.7877237436960328,Y
1,1,1,0,0,2239,2524.0,128.0,360.0,1.0,2,1,4763.0,4.852030263919617,0.7790083639639367,Y
0,1,0,0,0,3017,663.0,102.0,360.0,1.0,1,1,3680.0,4.624972813284271,0.7962107242469593,Y
1,1,0,1,0,2768,1950.0,155.0,360.0,1.0,0,1,4718.0,5.043425116919247,0.808194137756605,Y
1,0,0,0,0,3358,0.0,80.0,36.0,1.0,1,0,3358.0,4.382026634673881,0.7356568975696294,Y
1,0,0,1,0,2526,1783.0,145.0,360.0,1.0,0,1,4309.0,4.976733742420574,0.7101373298572929,Y
0,0,0,1,0,5000,0.0,103.0,360.0,0.0,1,0,5000.0,4.634728988229636,0.07554050865358977,N
1,1,0,1,0,2785,2016.0,110.0,360.0,1.0,0,1,4801.0,4.700480365792417,0.8201210588333234,Y
1,1,2,1,1,6633,0.0,128.0,360.0,0.0,0,0,6633.0,4.852030263919617,0.11260339818713255,N
1,1,1,0,0,2492,2375.0,128.0,360.0,1.0,0,1,4867.0,4.852030263919617,0.7486174392495791,Y
1,1,1,1,0,3333,3250.0,158.0,360.0,1.0,2,1,6583.0,5.062595033026967,0.8311740613933208,Y
1,1,0,0,0,2454,2333.0,181.0,360.0,0.0,2,0,4787.0,5.198497031265826,0.06666950178355122,N
1,1,0,1,0,3593,4266.0,132.0,180.0,0.0,0,0,7859.0,4.882801922586371,0.09392358950017099,N
1,1,1,1,0,5468,1032.0,26.0,360.0,1.0,1,1,6500.0,3.258096538021482,0.8655005562719816,Y
0,0,0,1,0,2667,1625.0,84.0,360.0,1.0,2,1,4292.0,4.430816798843313,0.7826801258166323,Y
1,1,3+,1,1,10139,0.0,260.0,360.0,1.0,1,1,10139.0,5.560681631015528,0.8346471092627583,Y
1,1,0,1,0,3887,2669.0,162.0,360.0,1.0,1,1,6556.0,5.087596335232384,0.8155257745114288,Y
0,1,0,1,0,4180,2306.0,182.0,360.0,1.0,1,1,6486.0,5.204006687076795,0.8260888701986457,Y
1,1,2,0,0,3675,242.0,108.0,360.0,1.0,1,1,3917.0,4.68213122712422,0.7994845765790953,Y
0,1,1,1,1,19484,0.0,600.0,360.0,1.0,1,1,19484.0,6.396929655216146,0.7376955363697733,Y
1,1,0,1,0,5923,2054.0,211.0,360.0,1.0,0,1,7977.0,5.351858133476067,0.7947840223861867,Y
1,0,0,0,1,5800,0.0,132.0,360.0,1.0,1,1,5800.0,4.882801922586371,0.6683152886879064,Y
1,1,2,1,0,8799,0.0,258.0,360.0,0.0,2,0,8799.0,5.552959584921617,0.10894569575519139,N
1,1,0,0,0,4467,0.0,120.0,360.0,1.0,0,1,4467.0,4.787491742782046,0.7684847646111355,Y
1,0,0,1,0,3333,0.0,70.0,360.0,1.0,2,1,3333.0,4.248495242049359,0.7870972239359254,Y
1,1,3+,1,0,3400,2500.0,123.0,360.0,0.0,0,0,5900.0,4.812184355372417,0.10376838436009876,N
0,0,0,1,0,2378,0.0,9.0,360.0,1.0,2,0,2378.0,2.19722457733622,0.8123572264444333,Y
1,1,0,1,0,3166,2064.0,104.0,360.0,0.0,2,0,5230.0,4.6443908991413725,0.11305676471197777,N
1,1,1,1,0,3417,1750.0,186.0,360.0,1.0,2,1,5167.0,5.225746673713202,0.834870501710449,Y
1,1,0,1,0,5116,1451.0,165.0,360.0,0.0,2,0,6567.0,5.10594547390058,0.10683817102811154,N
1,1,2,1,0,16666,0.0,275.0,360.0,1.0,2,1,16666.0,5.616771097666572,0.8451811460755633,Y
1,1,2,0,0,6125,1625.0,187.0,480.0,1.0,1,0,7750.0,5.231108616854587,0.7496775870689845,Y
1,1,3+,1,0,6406,0.0,150.0,360.0,1.0,1,0,6406.0,5.010635294096256,0.85879793908887,Y
1,1,2,1,0,3159,461.0,108.0,84.0,1.0,2,1,3620.0,4.68213122712422,0.8888732957887924,Y
1,1,0,1,0,3087,2210.0,136.0,360.0,0.0,1,0,5297.0,4.912654885736052,0.09838762672188393,N
1,0,0,1,0,3229,2739.0,110.0,360.0,1.0,2,1,5968.0,4.700480365792417,0.749174323662475,Y
1,1,1,1,0,1782,2232.0,107.0,360.0,1.0,0,1,4014.0,4.672828834461906,0.8247488126435087,Y
1,0,0,1,0,3182,2917.0,161.0,360.0,1.0,2,1,6099.0,5.081404364984463,0.7293455683629789,Y
1,1,2,1,0,6540,0.0,205.0,360.0,1.0,1,1,6540.0,5.3230099791384085,0.8399722321153311,Y
1,0,0,1,0,1836,33837.0,90.0,360.0,1.0,2,0,35673.0,4.499809670330265,0.3775309637118433,N
0,1,0,1,0,3166,0.0,36.0,360.0,1.0,1,1,3166.0,3.58351893845611,0.8727688040839144,Y
1,1,1,1,0,1880,0.0,61.0,360.0,1.0,0,0,1880.0,4.110873864173311,0.8513621928234992,Y
1,1,1,1,0,2787,1917.0,146.0,360.0,0.0,0,0,4704.0,4.983606621708336,0.09412205917684616,N
1,1,1,1,0,4283,3000.0,172.0,84.0,1.0,0,0,7283.0,5.147494476813453,0.8340792611129949,Y
1,1,0,1,0,2297,1522.0,104.0,360.0,1.0,2,1,3819.0,4.6443908991413725,0.8491673217004934,Y
0,0,0,0,0,2165,0.0,70.0,360.0,1.0,1,1,2165.0,4.248495242049359,0.7065093671793866,Y
1,0,0,1,0,4750,0.0,94.0,360.0,1.0,1,1,4750.0,4.543294782270004,0.7664599567471921,Y
1,1,2,1,1,2726,0.0,106.0,360.0,0.0,1,0,2726.0,4.663439094112067,0.12266366543775237,N
1,1,0,1,0,3000,3416.0,56.0,180.0,1.0,1,1,6416.0,4.02535169073515,0.8534248853606938,Y
1,1,2,1,1,6000,0.0,205.0,240.0,1.0,1,0,6000.0,5.3230099791384085,0.849725208838042,Y
1,0,3+,1,1,9357,0.0,292.0,360.0,1.0,1,1,9357.0,5.676753802268282,0.727898000121339,Y
1,1,0,1,0,3859,3300.0,142.0,180.0,1.0,0,1,7159.0,4.955827057601261,0.8226443440985203,Y
1,1,0,1,1,16120,0.0,260.0,360.0,1.0,2,1,16120.0,5.560681631015528,0.8347700446774277,Y
1,0,0,0,0,3833,0.0,110.0,360.0,1.0,0,1,3833.0,4.700480365792417,0.6559234397480715,Y
1,1,2,0,1,6383,1000.0,187.0,360.0,1.0,0,0,7383.0,5.231108616854587,0.7542003185473514,Y
1,0,0,1,0,2987,0.0,88.0,360.0,0.0,1,0,2987.0,4.477336814478207,0.07028254262321407,N
1,1,0,1,1,9963,0.0,180.0,360.0,1.0,0,1,9963.0,5.19295685089021,0.8237692022803396,Y
1,1,2,1,0,5780,0.0,192.0,360.0,1.0,2,1,5780.0,5.2574953720277815,0.8538939919571809,Y
0,0,3+,1,0,416,41667.0,350.0,180.0,1.0,2,0,42083.0,5.857933154483459,0.2595340549049167,N
1,1,0,0,0,2894,2792.0,155.0,360.0,1.0,0,1,5686.0,5.043425116919247,0.7266091734052024,Y
1,1,3+,1,0,5703,0.0,128.0,360.0,1.0,2,1,5703.0,4.852030263919617,0.8731579086004095,Y
1,0,0,1,0,3676,4301.0,172.0,360.0,1.0,0,1,7977.0,5.147494476813453,0.6735753792186652,Y
0,1,1,1,0,12000,0.0,496.0,360.0,1.0,1,1,12000.0,6.206575926724928,0.7659192194125777,Y
1,1,0,0,0,2400,3800.0,128.0,180.0,1.0,2,0,6200.0,4.852030263919617,0.7828659607492938,Y
1,1,1,1,0,3400,2500.0,173.0,360.0,1.0,1,1,5900.0,5.153291594497779,0.8200129019572788,Y
1,1,2,0,0,3987,1411.0,157.0,360.0,1.0,0,1,5398.0,5.056245805348308,0.7588029468149389,Y
1,1,0,1,0,3232,1950.0,108.0,360.0,1.0,0,1,5182.0,4.68213122712422,0.8216909926851206,Y
0,0,0,1,0,2900,0.0,71.0,360.0,1.0,0,1,2900.0,4.262679877041316,0.7705872896527568,Y
1,1,3+,1,0,4106,0.0,40.0,180.0,1.0,0,1,4106.0,3.688879454113936,0.883013583046899,Y
1,1,1,1,0,8072,240.0,253.0,360.0,1.0,2,1,8312.0,5.53338948872752,0.8335002385047366,Y
1,1,2,1,0,7583,0.0,187.0,360.0,1.0,2,1,7583.0,5.231108616854587,0.8568789343431626,Y
0,0,0,1,1,4583,0.0,133.0,360.0,0.0,1,0,4583.0,4.890349128221754,0.07094685024362667,N
