Gender,Married,Dependents,Education,Self_Employed,ApplicantIncome,CoapplicantIncome,LoanAmount,Loan_Amount_Term,Credit_History,Property_Area,Loan_Status,TotalIncome,LoanAmount_log
1,0,0,1,0,5849,0.0,128.0,360.0,1.0,2,1,5849.0,4.852030263919617
1,1,1,1,0,4583,1508.0,128.0,360.0,1.0,0,0,6091.0,4.852030263919617
1,1,0,1,1,3000,0.0,66.0,360.0,1.0,2,1,3000.0,4.189654742026425
1,1,0,0,0,2583,2358.0,120.0,360.0,1.0,2,1,4941.0,4.787491742782046
1,0,0,1,0,6000,0.0,141.0,360.0,1.0,2,1,6000.0,4.948759890378168
1,1,2,1,1,5417,4196.0,267.0,360.0,1.0,2,1,9613.0,5.58724865840025
1,1,0,0,0,2333,1516.0,95.0,360.0,1.0,2,1,3849.0,4.553876891600541
1,1,3+,1,0,3036,2504.0,158.0,360.0,0.0,1,0,5540.0,5.062595033026967
1,1,2,1,0,4006,1526.0,168.0,360.0,1.0,2,1,5532.0,5.123963979403259
1,1,1,1,0,12841,10968.0,349.0,360.0,1.0,1,0,23809.0,5.855071922202427
1,1,2,1,0,3200,700.0,70.0,360.0,1.0,2,1,3900.0,4.248495242049359
1,1,2,1,0,2500,1840.0,109.0,360.0,1.0,2,1,4340.0,4.6913478822291435
1,1,2,1,0,3073,8106.0,200.0,360.0,1.0,2,1,11179.0,5.298317366548036
1,0,0,1,0,1853,2840.0,114.0,360.0,1.0,0,0,4693.0,4.736198448394496
1,1,2,1,0,1299,1086.0,17.0,120.0,1.0,2,1,2385.0,2.833213344056216
1,0,0,1,0,4950,0.0,125.0,360.0,1.0,2,1,4950.0,4.8283137373023015
1,0,1,0,0,3596,0.0,100.0,240.0,1.0,2,1,3596.0,4.605170185988092
0,0,0,1,0,3510,0.0,76.0,360.0,0.0,2,0,3510.0,4.330733340286331
1,1,0,0,0,4887,0.0,133.0,360.0,1.0,0,0,4887.0,4.890349128221754
1,1,0,1,0,2600,3500.0,115.0,360.0,1.0,2,1,6100.0,4.74493212836325
1,1,0,0,0,7660,0.0,104.0,360.0,0.0,2,0,7660.0,4.6443908991413725
1,1,1,1,0,5955,5625.0,315.0,360.0,1.0,2,1,11580.0,5.752572638825633
1,1,0,0,0,2600,1911.0,116.0,360.0,0.0,1,0,4511.0,4.7535901911063645
1,1,2,0,0,3365,1917.0,112.0,360.0,0.0,0,0,5282.0,4.718498871295094
1,1,1,1,0,3717,2925.0,151.0,360.0,1.0,1,0,6642.0,5.017279836814924
1,1,0,1,1,9560,0.0,191.0,360.0,1.0,1,1,9560.0,5.25227342804663
1,1,0,1,0,2799,2253.0,122.0,360.0,1.0,1,1,5052.0,4.804021044733257
1,1,2,0,0,4226,1040.0,110.0,360.0,1.0,2,1,5266.0,4.700480365792417
1,0,0,0,0,1442,0.0,35.0,360.0,1.0,2,0,1442.0,3.5553480614894135
0,0,2,1,0,3750,2083.0,120.0,360.0,1.0,1,1,5833.0,4.787491742782046
1,1,1,1,0,4166,3369.0,201.0,360.0,1.0,2,0,7535.0,5.303304908059076
1,0,0,1,0,3167,0.0,74.0,360.0,1.0,2,0,3167.0,4.30406509320417
1,0,1,1,1,4692,0.0,106.0,360.0,1.0,0,0,4692.0,4.663439094112067
1,1,0,1,0,3500,1667.0,114.0,360.0,1.0,1,1,5167.0,4.736198448394496
1,0,3+,1,0,12500,3000.0,320.0,360.0,1.0,0,0,15500.0,5.768320995793772
1,1,0,1,0,2275,2067.0,128.0,360.0,1.0,2,1,4342.0,4.852030263919617
1,1,0,1,0,1828,1330.0,100.0,360.0,0.0,2,0,3158.0,4.605170185988092
0,1,0,1,0,3667,1459.0,144.0,360.0,1.0,1,1,5126.0,4.969813299576001
1,0,0,1,0,4166,7210.0,184.0,360.0,1.0,2,1,11376.0,5.214935757608986
1,0,0,0,0,3748,1668.0,110.0,360.0,1.0,1,1,5416.0,4.700480365792417
1,0,0,1,0,3600,0.0,80.0,360.0,1.0,2,0,3600.0,4.382026634673881
1,0,0,1,0,1800,1213.0,47.0,360.0,1.0,2,1,3013.0,3.8501476017100584
1,1,0,1,0,2400,0.0,75.0,360.0,1.0,2,1,2400.0,4.31748811353631
1,1,0,1,0,3941,2336.0,134.0,360.0,1.0,1,1,6277.0,4.897839799950911
1,1,0,0,1,4695,0.0,96.0,360.0,1.0,2,1,4695.0,4.564348191467836
0,0,0,1,0,3410,0.0,88.0,360.0,1.0,2,1,3410.0,4.477336814478207
1,1,1,1,0,5649,0.0,44.0,360.0,1.0,2,1,5649.0,3.784189633918261
1,1,0,1,0,5821,0.0,144.0,360.0,1.0,2,1,5821.0,4.969813299576001
0,1,0,1,0,2645,3440.0,120.0,360.0,0.0,2,0,6085.0,4.787491742782046
0,0,0,1,0,4000,2275.0,144.0,360.0,1.0,1,1,6275.0,4.969813299576001
0,1,0,0,0,1928,1644.0,100.0,360.0,1.0,1,1,3572.0,4.605170185988092
0,0,0,1,0,3086,0.0,120.0,360.0,1.0,1,1,3086.0,4.787491742782046
0,0,0,1,0,4230,0.0,112.0,360.0,1.0,1,0,4230.0,4.718498871295094
1,1,2,1,0,4616,0.0,134.0,360.0,1.0,2,0,4616.0,4.897839799950911
0,1,1,1,1,11500,0.0,286.0,360.0,0.0,2,0,11500.0,5.655991810819852
1,1,2,1,0,2708,1167.0,97.0,360.0,1.0,1,1,3875.0,4.574710978503383
1,1,0,1,0,2132,1591.0,96.0,360.0,1.0,1,1,3723.0,4.564348191467836
1,1,0,1,0,3366,2200.0,135.0,360.0,1.0,0,0,5566.0,4.90527477843843
1,1,1,1,0,8080,2250.0,180.0,360.0,1.0,2,1,10330.0,5.19295685089021
1,1,2,0,0,3357,2859.0,144.0,360.0,1.0,2,1,6216.0,4.969813299576001
1,1,0,1,0,2500,3796.0,120.0,360.0,1.0,2,1,6296.0,4.787491742782046
1,1,3+,1,0,3029,0.0,99.0,360.0,1.0,2,1,3029.0,4.59511985013459
1,1,0,0,1,2609,3449.0,165.0,180.0,0.0,0,0,6058.0,5.10594547390058
1,1,1,1,0,4945,0.0,128.0,360.0,0.0,0,0,4945.0,4.852030263919617
0,0,0,1,0,4166,0.0,116.0,360.0,0.0,1,0,4166.0,4.7535901911063645
1,1,0,1,0,5726,4595.0,258.0,360.0,1.0,1,0,10321.0,5.552959584921617
1,0,0,0,0,3200,2254.0,126.0,180.0,0.0,2,0,5454.0,4.836281906951478
1,1,1,1,0,10750,0.0,312.0,360.0,1.0,2,1,10750.0,5.7430031878094825
1,1,3+,0,1,7100,0.0,125.0,60.0,1.0,2,1,7100.0,4.8283137373023015
0,0,0,1,0,4300,0.0,136.0,360.0,0.0,1,0,4300.0,4.912654885736052
1,1,0,1,0,3208,3066.0,172.0,360.0,1.0,2,1,6274.0,5.147494476813453
1,1,2,0,1,1875,1875.0,97.0,360.0,1.0,1,1,3750.0,4.574710978503383
1,0,0,1,0,3500,0.0,81.0,300.0,1.0,1,1,3500.0,4.394449154672439
1,1,3+,0,0,4755,0.0,95.0,360.0,0.0,1,0,4755.0,4.553876891600541
1,1,3+,1,1,5266,1774.0,187.0,360.0,1.0,1,1,7040.0,5.231108616854587
1,0,0,1,0,3750,0.0,113.0,480.0,1.0,2,0,3750.0,4.727387818712341
1,0,0,1,0,3750,4750.0,176.0,360.0,1.0,2,0,8500.0,5.170483995038151
1,1,1,1,1,1000,3022.0,110.0,360.0,1.0,2,0,4022.0,4.700480365792417
1,1,3+,1,0,3167,4000.0,180.0,300.0,0.0,1,0,7167.0,5.19295685089021
1,1,3+,0,1,3333,2166.0,130.0,360.0,1.0,1,1,5499.0,4.867534450455582
0,0,0,1,0,3846,0.0,111.0,360.0,1.0,1,1,3846.0,4.709530201312334
1,1,1,1,1,2395,0.0,128.0,360.0,1.0,1,1,2395.0,4.852030263919617
0,1,2,1,0,1378,1881.0,167.0,360.0,1.0,2,0,3259.0,5.117993812416755
1,1,0,1,0,6000,2250.0,265.0,360.0,1.0,1,0,8250.0,5.579729825986222
1,1,1,1,0,3988,0.0,50.0,240.0,1.0,2,1,3988.0,3.912023005428146
1,0,0,1,0,2366,2531.0,136.0,360.0,1.0,1,1,4897.0,4.912654885736052
1,1,2,0,0,3333,2000.0,99.0,360.0,1.0,1,1,5333.0,4.59511985013459
1,1,0,1,0,2500,2118.0,104.0,360.0,1.0,1,1,4618.0,4.6443908991413725
1,0,0,1,0,8566,0.0,210.0,360.0,1.0,2,1,8566.0,5.3471075307174685
1,1,0,1,0,5695,4167.0,175.0,360.0,1.0,1,1,9862.0,5.1647859739235145
1,1,0,1,0,2958,2900.0,131.0,360.0,1.0,1,1,5858.0,4.875197323201151
1,1,2,1,0,6250,5654.0,188.0,180.0,1.0,1,1,11904.0,5.236441962829949
1,1,2,0,0,3273,1820.0,81.0,360.0,1.0,2,1,5093.0,4.394449154672439
1,0,0,1,0,4133,0.0,122.0,360.0,1.0,1,1,4133.0,4.804021044733257
1,0,0,0,0,3620,0.0,25.0,120.0,1.0,1,1,3620.0,3.2188758248682006
1,0,0,1,0,6782,0.0,128.0,360.0,1.0,2,0,6782.0,4.852030263919617
0,1,0,1,0,2484,2302.0,137.0,360.0,1.0,1,1,4786.0,4.919980925828125
1,1,0,1,0,1977,997.0,50.0,360.0,1.0,1,1,2974.0,3.912023005428146
1,1,0,0,0,4188,0.0,115.0,180.0,1.0,1,1,4188.0,4.74493212836325
1,1,0,1,0,1759,3541.0,131.0,360.0,1.0,1,1,5300.0,4.875197323201151
1,1,2,0,0,4288,3263.0,133.0,180.0,1.0,2,1,7551.0,4.890349128221754
1,0,0,1,0,4843,3806.0,151.0,360.0,1.0,1,1,8649.0,5.017279836814924
1,1,0,1,0,13650,0.0,128.0,360.0,1.0,2,1,13650.0,4.852030263919617
1,1,0,1,0,4652,3583.0,128.0,360.0,1.0,1,1,8235.0,4.852030263919617
1,1,0,1,0,3816,754.0,160.0,360.0,1.0,2,1,4570.0,5.075173815233827
1,1,1,1,0,3052,1030.0,100.0,360.0,1.0,2,1,4082.0,4.605170185988092
1,1,2,1,0,11417,1126.0,225.0,360.0,1.0,2,1,12543.0,5.41610040220442
1,0,0,0,0,7333,0.0,120.0,360.0,1.0,0,0,7333.0,4.787491742782046
1,1,2,1,0,3800,3600.0,216.0,360.0,0.0,2,0,7400.0,5.375278407684165
1,1,3+,0,0,2071,754.0,94.0,480.0,1.0,1,1,2825.0,4.543294782270004
1,0,0,1,0,5316,0.0,136.0,360.0,1.0,2,1,5316.0,4.912654885736052
0,1,0,1,0,2929,2333.0,139.0,360.0,1.0,1,1,5262.0,4.9344739331306915
1,1,0,0,0,3572,4114.0,152.0,360.0,0.0,0,0,7686.0,5.0238805208462765
0,0,1,1,1,7451,0.0,128.0,360.0,1.0,1,1,7451.0,4.852030263919617
1,0,0,1,0,5050,0.0,118.0,360.0,1.0,1,1,5050.0,4.770684624465665
1,1,1,1,0,14583,0.0,185.0,180.0,1.0,0,1,14583.0,5.220355825078324
0,1,0,1,0,3167,2283.0,154.0,360.0,1.0,1,1,5450.0,5.0369526024136295
1,1,1,1,0,2214,1398.0,85.0,360.0,1.0,2,1,3612.0,4.442651256490317
1,1,0,1,0,5568,2142.0,175.0,360.0,1.0,0,0,7710.0,5.1647859739235145
0,0,0,1,0,10408,0.0,259.0,360.0,1.0,2,1,10408.0,5.556828061699537
1,1,0,1,0,5667,2667.0,180.0,360.0,1.0,0,1,8334.0,5.19295685089021
0,0,0,1,0,4166,0.0,44.0,360.0,1.0,1,1,4166.0,3.784189633918261
0,0,0,1,0,2137,8980.0,137.0,360.0,0.0,1,1,11117.0,4.919980925828125
1,1,2,1,0,2957,0.0,81.0,360.0,1.0,1,1,2957.0,4.394449154672439
1,1,0,0,0,4300,2014.0,194.0,360.0,1.0,0,1,6314.0,5.267858159063328
0,0,0,1,0,3692,0.0,93.0,360.0,1.0,0,1,3692.0,4.532599493153256
1,1,3+,1,0,23803,0.0,370.0,360.0,1.0,0,1,23803.0,5.91350300563827
1,0,0,1,0,3865,1640.0,128.0,360.0,1.0,0,1,5505.0,4.852030263919617
1,1,1,1,1,10513,3850.0,160.0,180.0,0.0,2,0,14363.0,5.075173815233827
1,1,0,1,0,6080,2569.0,182.0,360.0,1.0,0,0,8649.0,5.204006687076795
1,0,0,1,1,20166,0.0,650.0,480.0,1.0,2,1,20166.0,6.476972362889683
1,0,0,1,0,2014,1929.0,74.0,360.0,1.0,2,1,3943.0,4.30406509320417
1,0,0,1,0,2718,0.0,70.0,360.0,1.0,1,1,2718.0,4.248495242049359
1,1,0,1,1,3459,0.0,25.0,120.0,1.0,1,1,3459.0,3.2188758248682006
1,0,0,1,0,4895,0.0,102.0,360.0,1.0,1,1,4895.0,4.624972813284271
1,1,3+,1,0,4000,7750.0,290.0,360.0,1.0,1,0,11750.0,5.66988092298052
0,1,0,1,0,4583,0.0,84.0,360.0,1.0,0,0,4583.0,4.430816798843313
1,1,2,1,1,3316,3500.0,88.0,360.0,1.0,2,1,6816.0,4.477336814478207
1,0,0,1,0,14999,0.0,242.0,360.0,0.0,1,0,14999.0,5.488937726156687
1,1,2,0,0,4200,1430.0,129.0,360.0,1.0,0,0,5630.0,4.859812404361672
1,1,2,1,0,5042,2083.0,185.0,360.0,1.0,0,0,7125.0,5.220355825078324
1,0,0,1,0,5417,0.0,168.0,360.0,1.0,2,1,5417.0,5.123963979403259
1,0,0,1,1,6950,0.0,175.0,180.0,1.0,1,1,6950.0,5.1647859739235145
1,1,0,1,0,2698,2034.0,122.0,360.0,1.0,1,1,4732.0,4.804021044733257
1,1,2,1,0,11757,0.0,187.0,180.0,1.0,2,1,11757.0,5.231108616854587
0,1,0,1,0,2330,4486.0,100.0,360.0,1.0,1,1,6816.0,4.605170185988092
0,1,2,1,0,14866,0.0,70.0,360.0,1.0,2,1,14866.0,4.248495242049359
1,1,1,1,0,1538,1425.0,30.0,360.0,1.0,2,1,2963.0,3.4011973816621555
0,0,0,1,0,10000,1666.0,225.0,360.0,1.0,0,0,11666.0,5.41610040220442
1,1,0,1,0,4860,830.0,125.0,360.0,1.0,1,1,5690.0,4.8283137373023015
1,0,0,1,0,6277,0.0,118.0,360.0,0.0,0,0,6277.0,4.770684624465665
1,1,0,1,1,2577,3750.0,152.0,360.0,1.0,0,1,6327.0,5.0238805208462765
1,0,0,1,0,9166,0.0,244.0,360.0,1.0,2,0,9166.0,5.497168225293202
1,1,2,0,0,2281,0.0,113.0,360.0,1.0,0,0,2281.0,4.727387818712341
1,0,0,1,0,3254,0.0,50.0,360.0,1.0,2,1,3254.0,3.912023005428146
1,1,3+,1,0,39999,0.0,600.0,180.0,0.0,1,1,39999.0,6.396929655216146
1,1,1,1,0,6000,0.0,160.0,360.0,1.0,0,1,6000.0,5.075173815233827
1,1,1,1,0,9538,0.0,187.0,360.0,1.0,2,1,9538.0,5.231108616854587
1,0,0,1,0,2980,2083.0,120.0,360.0,1.0,0,1,5063.0,4.787491742782046
1,1,0,1,0,4583,5625.0,255.0,360.0,1.0,1,1,10208.0,5.541263545158426
1,1,0,0,0,1863,1041.0,98.0,360.0,1.0,1,1,2904.0,4.584967478670572
1,1,0,1,0,7933,0.0,275.0,360.0,1.0,2,0,7933.0,5.616771097666572
1,1,1,1,0,3089,1280.0,121.0,360.0,0.0,1,0,4369.0,4.795790545596741
1,1,2,1,0,4167,1447.0,158.0,360.0,1.0,0,1,5614.0,5.062595033026967
1,1,0,1,0,9323,0.0,75.0,180.0,1.0,2,1,9323.0,4.31748811353631
1,1,0,1,0,3707,3166.0,182.0,360.0,1.0,0,1,6873.0,5.204006687076795
0,1,0,1,0,4583,0.0,112.0,360.0,1.0,0,0,4583.0,4.718498871295094
1,1,0,1,0,2439,3333.0,129.0,360.0,1.0,0,1,5772.0,4.859812404361672
1,0,0,1,0,2237,0.0,63.0,480.0,0.0,1,0,2237.0,4.143134726391533
1,1,2,1,0,8000,0.0,200.0,360.0,1.0,1,1,8000.0,5.298317366548036
1,1,0,0,0,1820,1769.0,95.0,360.0,1.0,0,1,3589.0,4.553876891600541
1,1,3+,1,0,51763,0.0,700.0,300.0,1.0,2,1,51763.0,6.551080335043404
1,1,3+,0,0,3522,0.0,81.0,180.0,1.0,0,0,3522.0,4.394449154672439
1,1,0,1,0,5708,5625.0,187.0,360.0,1.0,1,1,11333.0,5.231108616854587
1,1,0,0,1,4344,736.0,87.0,360.0,1.0,1,0,5080.0,4.465908118654584
1,1,0,1,0,3497,1964.0,116.0,360.0,1.0,0,1,5461.0,4.7535901911063645
1,1,2,1,0,2045,1619.0,101.0,360.0,1.0,0,1,3664.0,4.61512051684126
1,1,3+,1,0,5516,11300.0,495.0,360.0,0.0,1,0,16816.0,6.20455776256869
1,1,1,1,0,3750,0.0,116.0,360.0,1.0,1,1,3750.0,4.7535901911063645
1,0,0,0,0,2333,1451.0,102.0,480.0,0.0,2,0,3784.0,4.624972813284271
1,1,1,1,0,6400,7250.0,180.0,360.0,0.0,2,0,13650.0,5.19295685089021
1,0,0,1,0,1916,5063.0,67.0,360.0,1.0,0,0,6979.0,4.204692619390966
1,1,0,1,0,4600,0.0,73.0,180.0,1.0,1,1,4600.0,4.290459441148391
1,1,1,1,0,33846,0.0,260.0,360.0,1.0,1,0,33846.0,5.560681631015528
0,1,0,1,0,3625,0.0,108.0,360.0,1.0,1,1,3625.0,4.68213122712422
1,1,0,1,1,39147,4750.0,120.0,360.0,1.0,1,1,43897.0,4.787491742782046
1,1,1,1,1,2178,0.0,66.0,300.0,0.0,0,0,2178.0,4.189654742026425
1,1,0,1,0,2383,2138.0,58.0,360.0,1.0,0,1,4521.0,4.060443010546419
1,1,0,1,1,674,5296.0,168.0,360.0,1.0,0,1,5970.0,5.123963979403259
1,1,0,1,0,9328,0.0,188.0,180.0,1.0,0,1,9328.0,5.236441962829949
1,0,0,0,0,4885,0.0,48.0,360.0,1.0,0,1,4885.0,3.871201010907891
1,0,0,1,0,12000,0.0,164.0,360.0,1.0,1,0,12000.0,5.099866427824199
1,1,0,0,0,6033,0.0,160.0,360.0,1.0,2,0,6033.0,5.075173815233827
1,0,0,1,0,3858,0.0,76.0,360.0,1.0,1,1,3858.0,4.330733340286331
1,0,0,1,0,4191,0.0,120.0,360.0,1.0,0,1,4191.0,4.787491742782046
1,1,1,1,0,3125,2583.0,170.0,360.0,1.0,1,0,5708.0,5.135798437050262
1,0,0,1,0,8333,3750.0,187.0,360.0,1.0,0,1,12083.0,5.231108616854587
0,0,0,0,0,1907,2365.0,120.0,360.0,1.0,2,1,4272.0,4.787491742782046
0,1,0,1,0,3416,2816.0,113.0,360.0,1.0,1,1,6232.0,4.727387818712341
1,0,0,1,1,11000,0.0,83.0,360.0,1.0,2,0,11000.0,4.418840607796598
1,1,1,0,0,2600,2500.0,90.0,360.0,1.0,1,1,5100.0,4.499809670330265
1,0,2,1,0,4923,0.0,166.0,360.0,0.0,1,1,4923.0,5.111987788356544
1,1,3+,0,0,3992,0.0,128.0,180.0,1.0,2,0,3992.0,4.852030263919617
1,1,1,0,0,3500,1083.0,135.0,360.0,1.0,2,1,4583.0,4.90527477843843
1,1,2,0,0,3917,0.0,124.0,360.0,1.0,1,1,3917.0,4.820281565605037
0,0,0,0,0,4408,0.0,120.0,360.0,1.0,1,1,4408.0,4.787491742782046
0,0,0,1,0,3244,0.0,80.0,360.0,1.0,2,1,3244.0,4.382026634673881
1,0,0,0,0,3975,2531.0,55.0,360.0,1.0,0,1,6506.0,4.007333185232471
1,0,0,1,0,2479,0.0,59.0,360.0,1.0,2,1,2479.0,4.07753744390572
1,0,0,1,0,3418,0.0,127.0,360.0,1.0,1,0,3418.0,4.844187086458591
0,0,0,1,0,10000,0.0,214.0,360.0,1.0,1,0,10000.0,5.365976015021851
1,1,3+,1,0,3430,1250.0,128.0,360.0,0.0,1,0,4680.0,4.852030263919617
1,1,1,1,1,7787,0.0,240.0,360.0,1.0,2,1,7787.0,5.480638923341991
1,1,3+,0,1,5703,0.0,130.0,360.0,1.0,0,1,5703.0,4.867534450455582
1,1,0,1,0,3173,3021.0,137.0,360.0,1.0,2,1,6194.0,4.919980925828125
1,1,3+,0,0,3850,983.0,100.0,360.0,1.0,1,1,4833.0,4.605170185988092
1,1,0,1,0,150,1800.0,135.0,360.0,1.0,0,0,1950.0,4.90527477843843
1,1,0,1,0,3727,1775.0,131.0,360.0,1.0,1,1,5502.0,4.875197323201151
1,1,2,1,0,5000,0.0,72.0,360.0,0.0,1,0,5000.0,4.276666119016055
0,1,2,1,0,4283,2383.0,127.0,360.0,1.0,1,1,6666.0,4.844187086458591
1,1,0,1,0,2221,0.0,60.0,360.0,0.0,2,0,2221.0,4.0943445622221
1,1,2,1,0,4009,1717.0,116.0,360.0,1.0,1,1,5726.0,4.7535901911063645
1,0,0,1,0,2971,2791.0,144.0,360.0,1.0,1,1,5762.0,4.969813299576001
1,1,0,1,0,7578,1010.0,175.0,360.0,1.0,1,1,8588.0,5.1647859739235145
1,1,0,1,0,6250,0.0,128.0,360.0,1.0,1,1,6250.0,4.852030263919617
1,1,0,1,0,3250,0.0,170.0,360.0,1.0,0,0,3250.0,5.135798437050262
1,1,0,0,1,4735,0.0,138.0,360.0,1.0,2,0,4735.0,4.927253685157205
1,1,2,1,0,6250,1695.0,210.0,360.0,1.0,1,1,7945.0,5.3471075307174685
1,1,0,1,0,4758,0.0,158.0,480.0,1.0,1,1,4758.0,5.062595033026967
1,0,0,1,1,6400,0.0,200.0,360.0,1.0,0,1,6400.0,5.298317366548036
1,1,1,1,0,2491,2054.0,104.0,360.0,1.0,1,1,4545.0,4.6443908991413725
1,1,0,1,0,3716,0.0,42.0,180.0,1.0,0,1,3716.0,3.7376696182833684
1,0,0,0,0,3189,2598.0,120.0,360.0,1.0,0,1,5787.0,4.787491742782046
0,0,0,1,0,8333,0.0,280.0,360.0,1.0,1,1,8333.0,5.634789603169249
1,1,1,1,0,3155,1779.0,140.0,360.0,1.0,1,1,4934.0,4.941642422609304
1,1,1,1,0,5500,1260.0,170.0,360.0,1.0,0,1,6760.0,5.135798437050262
1,1,0,1,0,5746,0.0,255.0,360.0,1.0,2,0,5746.0,5.541263545158426
0,0,0,1,1,3463,0.0,122.0,360.0,1.0,2,1,3463.0,4.804021044733257
0,0,1,1,0,3812,0.0,112.0,360.0,1.0,0,1,3812.0,4.718498871295094
1,1,1,1,0,3315,0.0,96.0,360.0,1.0,1,1,3315.0,4.564348191467836
1,1,2,1,0,5819,5000.0,120.0,360.0,1.0,0,1,10819.0,4.787491742782046
1,1,1,0,0,2510,1983.0,140.0,180.0,1.0,2,0,4493.0,4.941642422609304
1,0,0,1,0,2965,5701.0,155.0,60.0,1.0,2,1,8666.0,5.043425116919247
1,1,2,1,1,6250,1300.0,108.0,360.0,1.0,0,1,7550.0,4.68213122712422
1,1,0,0,0,3406,4417.0,123.0,360.0,1.0,1,1,7823.0,4.812184355372417
1,0,0,1,1,6050,4333.0,120.0,180.0,1.0,2,0,10383.0,4.787491742782046
1,1,2,1,0,9703,0.0,112.0,360.0,1.0,2,1,9703.0,4.718498871295094
1,1,1,0,0,6608,0.0,137.0,180.0,1.0,2,1,6608.0,4.919980925828125
1,1,1,1,0,2882,1843.0,123.0,480.0,1.0,1,1,4725.0,4.812184355372417
1,1,0,1,0,1809,1868.0,90.0,360.0,1.0,2,1,3677.0,4.499809670330265
1,1,0,0,0,1668,3890.0,201.0,360.0,0.0,1,0,5558.0,5.303304908059076
0,0,2,1,0,3427,0.0,138.0,360.0,1.0,2,0,3427.0,4.927253685157205
1,0,0,0,1,2583,2167.0,104.0,360.0,1.0,0,1,4750.0,4.6443908991413725
1,1,1,0,0,2661,7101.0,279.0,180.0,1.0,1,1,9762.0,5.631211781821365
1,0,0,1,1,16250,0.0,192.0,360.0,0.0,2,0,16250.0,5.2574953720277815
0,0,3+,1,0,3083,0.0,255.0,360.0,1.0,0,1,3083.0,5.541263545158426
1,0,0,0,0,6045,0.0,115.0,360.0,0.0,0,0,6045.0,4.74493212836325
1,1,3+,1,0,5250,0.0,94.0,360.0,1.0,2,0,5250.0,4.543294782270004
1,1,0,1,0,14683,2100.0,304.0,360.0,1.0,0,0,16783.0,5.717027701406222
1,1,3+,0,0,4931,0.0,128.0,360.0,1.0,1,0,4931.0,4.852030263919617
1,1,1,1,0,6083,4250.0,330.0,360.0,1.0,2,1,10333.0,5.799092654460526
1,0,0,1,0,2060,2209.0,134.0,360.0,1.0,1,1,4269.0,4.897839799950911
0,0,1,1,0,3481,0.0,155.0,36.0,1.0,1,0,3481.0,5.043425116919247
0,0,0,1,0,7200,0.0,120.0,360.0,1.0,0,1,7200.0,4.787491742782046
1,0,0,1,1,5166,0.0,128.0,360.0,1.0,1,1,5166.0,4.852030263919617
1,0,0,1,0,4095,3447.0,151.0,360.0,1.0,0,1,7542.0,5.017279836814924
1,1,2,1,0,4708,1387.0,150.0,360.0,1.0,1,1,6095.0,5.0106352940962555
1,1,3+,1,0,4333,1811.0,160.0,360.0,0.0,2,1,6144.0,5.075173815233827
0,0,0,1,0,3418,0.0,135.0,360.0,1.0,0,0,3418.0,4.90527477843843
0,0,1,1,0,2876,1560.0,90.0,360.0,1.0,2,1,4436.0,4.499809670330265
0,0,0,1,0,3237,0.0,30.0,360.0,1.0,2,1,3237.0,3.4011973816621555
1,1,0,1,0,11146,0.0,136.0,360.0,1.0,2,1,11146.0,4.912654885736052
1,0,0,1,0,2833,1857.0,126.0,360.0,1.0,0,1,4690.0,4.836281906951478
1,1,0,1,0,2620,2223.0,150.0,360.0,1.0,1,1,4843.0,5.0106352940962555
1,1,2,1,0,3900,0.0,90.0,360.0,1.0,1,1,3900.0,4.499809670330265
1,1,1,1,0,2750,1842.0,115.0,360.0,1.0,1,1,4592.0,4.74493212836325
1,1,0,1,0,3993,3274.0,207.0,360.0,1.0,1,1,7267.0,5.332718793265369
1,1,0,1,0,3103,1300.0,80.0,360.0,1.0,2,1,4403.0,4.382026634673881
1,1,0,1,0,14583,0.0,436.0,360.0,1.0,1,1,14583.0,6.077642243349034
0,1,0,0,0,4100,0.0,124.0,360.0,1.0,0,1,4100.0,4.820281565605037
1,0,1,0,1,4053,2426.0,158.0,360.0,0.0,2,0,6479.0,5.062595033026967
1,1,0,1,0,3927,800.0,112.0,360.0,1.0,1,1,4727.0,4.718498871295094
1,1,2,1,0,2301,985.7999878,78.0,180.0,1.0,2,1,3286.7999878,4.356708826689592
0,0,0,1,0,1811,1666.0,54.0,360.0,1.0,2,1,3477.0,3.9889840465642745
1,1,0,1,0,20667,0.0,128.0,360.0,1.0,0,0,20667.0,4.852030263919617
1,0,0,1,0,3158,3053.0,89.0,360.0,1.0,0,1,6211.0,4.48863636973214
0,0,0,1,1,2600,1717.0,99.0,300.0,1.0,1,0,4317.0,4.59511985013459
1,1,0,1,0,3704,2000.0,120.0,360.0,1.0,0,1,5704.0,4.787491742782046
0,0,0,1,0,4124,0.0,115.0,360.0,1.0,1,1,4124.0,4.74493212836325
1,0,0,1,0,9508,0.0,187.0,360.0,1.0,0,1,9508.0,5.231108616854587
1,1,0,1,0,3075,2416.0,139.0,360.0,1.0,0,1,5491.0,4.9344739331306915
1,1,2,1,0,4400,0.0,127.0,360.0,0.0,1,0,4400.0,4.844187086458591
1,1,2,1,0,3153,1560.0,134.0,360.0,1.0,2,1,4713.0,4.897839799950911
0,0,0,1,0,5417,0.0,143.0,480.0,0.0,2,0,5417.0,4.962844630259907
1,1,0,1,0,2383,3334.0,172.0,360.0,1.0,1,1,5717.0,5.147494476813453
1,1,3+,1,0,4416,1250.0,110.0,360.0,1.0,2,1,5666.0,4.700480365792417
1,1,1,1,0,6875,0.0,200.0,360.0,1.0,1,1,6875.0,5.298317366548036
0,1,1,1,0,4666,0.0,135.0,360.0,1.0,2,1,4666.0,4.90527477843843
0,0,0,1,0,5000,2541.0,151.0,480.0,1.0,0,0,7541.0,5.017279836814924
1,1,1,1,0,2014,2925.0,113.0,360.0,1.0,2,0,4939.0,4.727387818712341
1,1,0,0,0,1800,2934.0,93.0,360.0,0.0,2,0,4734.0,4.532599493153256
1,1,0,0,0,2875,1750.0,105.0,360.0,1.0,1,1,4625.0,4.653960350157523
0,0,0,1,0,5000,0.0,132.0,360.0,1.0,0,1,5000.0,4.882801922586371
1,1,1,1,0,1625,1803.0,96.0,360.0,1.0,2,1,3428.0,4.564348191467836
1,0,0,1,0,4000,2500.0,140.0,360.0,1.0,0,1,6500.0,4.941642422609304
1,0,0,0,0,2000,0.0,128.0,360.0,1.0,2,0,2000.0,4.852030263919617
0,0,0,1,0,3762,1666.0,135.0,360.0,1.0,0,1,5428.0,4.90527477843843
0,0,0,1,0,2400,1863.0,104.0,360.0,0.0,2,0,4263.0,4.6443908991413725
1,0,0,1,0,20233,0.0,480.0,360.0,1.0,0,0,20233.0,6.173786103901937
1,1,2,0,0,7667,0.0,185.0,360.0,1.0,0,1,7667.0,5.220355825078324
0,0,0,1,0,2917,0.0,84.0,360.0,1.0,1,1,2917.0,4.430816798843313
1,0,0,0,0,2927,2405.0,111.0,360.0,1.0,1,1,5332.0,4.709530201312334
0,0,0,1,0,2507,0.0,56.0,360.0,1.0,0,1,2507.0,4.02535169073515
1,1,2,1,1,5746,0.0,144.0,84.0,1.0,0,1,5746.0,4.969813299576001
1,1,0,1,0,2473,1843.0,159.0,360.0,1.0,0,0,4316.0,5.0689042022202315
1,1,1,0,0,3399,1640.0,111.0,180.0,1.0,2,1,5039.0,4.709530201312334
1,1,2,1,0,3717,0.0,120.0,360.0,1.0,1,1,3717.0,4.787491742782046
1,1,0,1,0,2058,2134.0,88.0,360.0,1.0,2,1,4192.0,4.477336814478207
0,0,1,1,0,3541,0.0,112.0,360.0,1.0,1,1,3541.0,4.718498871295094
1,1,1,1,1,10000,0.0,155.0,360.0,1.0,0,0,10000.0,5.043425116919247
1,1,0,1,0,2400,2167.0,115.0,360.0,1.0,1,1,4567.0,4.74493212836325
1,1,3+,1,0,4342,189.0,124.0,360.0,1.0,1,1,4531.0,4.820281565605037
1,1,2,0,0,3601,1590.0,128.0,360.0,1.0,0,1,5191.0,4.852030263919617
0,0,0,1,0,3166,2985.0,132.0,360.0,1.0,0,1,6151.0,4.882801922586371
1,1,3+,1,0,15000,0.0,300.0,360.0,1.0,0,1,15000.0,5.703782474656201
1,1,1,1,1,8666,4983.0,376.0,360.0,0.0,0,0,13649.0,5.929589143389895
1,0,0,1,0,4917,0.0,130.0,360.0,0.0,0,1,4917.0,4.867534450455582
1,1,0,1,1,5818,2160.0,184.0,360.0,1.0,1,1,7978.0,5.214935757608986
0,1,0,1,0,4333,2451.0,110.0,360.0,1.0,2,0,6784.0,4.700480365792417
0,0,0,1,0,2500,0.0,67.0,360.0,1.0,2,1,2500.0,4.204692619390966
1,0,1,1,0,4384,1793.0,117.0,360.0,1.0,2,1,6177.0,4.762173934797756
1,0,0,1,0,2935,0.0,98.0,360.0,1.0,1,1,2935.0,4.584967478670572
1,0,0,1,0,2833,0.0,71.0,360.0,1.0,2,1,2833.0,4.2626798770413155
1,1,0,1,0,63337,0.0,490.0,180.0,1.0,2,1,63337.0,6.194405391104672
1,1,1,1,1,9833,1833.0,182.0,180.0,1.0,2,1,11666.0,5.204006687076795
1,1,0,1,1,5503,4490.0,70.0,360.0,1.0,1,1,9993.0,4.248495242049359
1,1,1,1,0,5250,688.0,160.0,360.0,1.0,0,1,5938.0,5.075173815233827
1,1,2,1,1,2500,4600.0,176.0,360.0,1.0,0,1,7100.0,5.170483995038151
0,0,3+,0,0,1830,0.0,128.0,360.0,0.0,2,0,1830.0,4.852030263919617
0,0,0,1,0,4160,0.0,71.0,360.0,1.0,1,1,4160.0,4.2626798770413155
1,1,3+,0,0,2647,1587.0,173.0,360.0,1.0,0,0,4234.0,5.153291594497779
0,0,0,1,0,2378,0.0,46.0,360.0,1.0,0,0,2378.0,3.828641396489095
1,1,1,0,0,4554,1229.0,158.0,360.0,1.0,2,1,5783.0,5.062595033026967
1,1,3+,0,0,3173,0.0,74.0,360.0,1.0,1,1,3173.0,4.30406509320417
1,1,2,1,0,2583,2330.0,125.0,360.0,1.0,0,1,4913.0,4.8283137373023015
1,1,0,1,0,2499,2458.0,160.0,360.0,1.0,1,1,4957.0,5.075173815233827
1,1,0,0,0,3523,3230.0,152.0,360.0,0.0,0,0,6753.0,5.0238805208462765
1,1,2,0,0,3083,2168.0,126.0,360.0,1.0,2,1,5251.0,4.836281906951478
1,1,0,1,0,6333,4583.0,259.0,360.0,1.0,1,1,10916.0,5.556828061699537
1,1,0,1,0,2625,6250.0,187.0,360.0,1.0,0,1,8875.0,5.231108616854587
1,1,0,1,0,9083,0.0,228.0,360.0,1.0,1,1,9083.0,5.429345628954441
1,0,0,1,0,8750,4167.0,308.0,360.0,1.0,0,0,12917.0,5.730099782973574
1,1,3+,1,0,2666,2083.0,95.0,360.0,1.0,0,1,4749.0,4.553876891600541
0,1,0,1,1,5500,0.0,105.0,360.0,0.0,0,0,5500.0,4.653960350157523
0,1,0,1,0,2423,505.0,130.0,360.0,1.0,1,1,2928.0,4.867534450455582
0,0,0,1,0,3813,0.0,116.0,180.0,1.0,2,1,3813.0,4.7535901911063645
1,1,2,1,0,8333,3167.0,165.0,360.0,1.0,0,1,11500.0,5.10594547390058
1,1,1,1,0,3875,0.0,67.0,360.0,1.0,2,0,3875.0,4.204692619390966
1,1,0,0,0,3000,1666.0,100.0,480.0,0.0,2,0,4666.0,4.605170185988092
1,1,3+,1,0,5167,3167.0,200.0,360.0,1.0,1,1,8334.0,5.298317366548036
0,0,1,1,0,4723,0.0,81.0,360.0,1.0,1,0,4723.0,4.394449154672439
1,1,2,1,0,5000,3667.0,236.0,360.0,1.0,1,1,8667.0,5.4638318050256105
1,1,0,1,0,4750,2333.0,130.0,360.0,1.0,2,1,7083.0,4.867534450455582
1,1,0,1,0,3013,3033.0,95.0,300.0,1.0,2,1,6046.0,4.553876891600541
1,0,0,1,1,6822,0.0,141.0,360.0,1.0,0,1,6822.0,4.948759890378168
1,0,0,0,0,6216,0.0,133.0,360.0,1.0,0,0,6216.0,4.890349128221754
1,0,0,1,0,2500,0.0,96.0,480.0,1.0,1,0,2500.0,4.564348191467836
1,0,0,1,0,5124,0.0,124.0,360.0,0.0,0,0,5124.0,4.820281565605037
1,1,1,1,0,6325,0.0,175.0,360.0,1.0,1,1,6325.0,5.1647859739235145
1,1,0,1,0,19730,5266.0,570.0,360.0,1.0,0,0,24996.0,6.345636360828596
0,0,0,1,1,15759,0.0,55.0,360.0,1.0,1,1,15759.0,4.007333185232471
1,1,2,1,0,5185,0.0,155.0,360.0,1.0,1,1,5185.0,5.043425116919247
1,1,2,1,1,9323,7873.0,380.0,300.0,1.0,0,1,17196.0,5.940171252720432
1,0,1,1,0,3062,1987.0,111.0,180.0,0.0,2,0,5049.0,4.709530201312334
0,0,0,1,0,2764,1459.0,110.0,360.0,1.0,2,1,4223.0,4.700480365792417
1,1,0,1,0,4817,923.0,120.0,180.0,1.0,2,1,5740.0,4.787491742782046
1,1,3+,1,0,8750,4996.0,130.0,360.0,1.0,0,1,13746.0,4.867534450455582
1,1,0,1,0,4310,0.0,130.0,360.0,1.0,1,1,4310.0,4.867534450455582
1,0,0,1,0,3069,0.0,71.0,480.0,1.0,2,0,3069.0,4.2626798770413155
1,1,2,1,0,5391,0.0,130.0,360.0,1.0,2,1,5391.0,4.867534450455582
1,1,0,1,0,3333,2500.0,128.0,360.0,1.0,1,1,5833.0,4.852030263919617
1,0,0,1,0,5941,4232.0,296.0,360.0,1.0,1,1,10173.0,5.69035945432406
0,0,0,1,0,6000,0.0,156.0,360.0,1.0,2,1,6000.0,5.049856007249537
1,0,0,1,1,7167,0.0,128.0,360.0,1.0,2,1,7167.0,4.852030263919617
1,1,2,1,0,4566,0.0,100.0,360.0,1.0,2,0,4566.0,4.605170185988092
1,0,1,1,0,3667,0.0,113.0,180.0,1.0,2,1,3667.0,4.727387818712341
1,0,0,0,0,2346,1600.0,132.0,360.0,1.0,1,1,3946.0,4.882801922586371
1,1,0,0,0,3010,3136.0,128.0,360.0,0.0,2,0,6146.0,4.852030263919617
1,1,0,1,0,2333,2417.0,136.0,360.0,1.0,2,1,4750.0,4.912654885736052
1,1,0,1,0,5488,0.0,125.0,360.0,1.0,0,1,5488.0,4.8283137373023015
1,0,3+,1,0,9167,0.0,185.0,360.0,1.0,0,1,9167.0,5.220355825078324
1,1,3+,1,0,9504,0.0,275.0,360.0,1.0,0,1,9504.0,5.616771097666572
1,1,0,1,0,2583,2115.0,120.0,360.0,1.0,2,1,4698.0,4.787491742782046
1,1,2,0,0,1993,1625.0,113.0,180.0,1.0,1,1,3618.0,4.727387818712341
1,1,2,1,0,3100,1400.0,113.0,360.0,1.0,2,1,4500.0,4.727387818712341
1,1,2,1,0,3276,484.0,135.0,360.0,1.0,1,1,3760.0,4.90527477843843
0,0,0,1,0,3180,0.0,71.0,360.0,0.0,2,0,3180.0,4.2626798770413155
1,1,0,1,0,3033,1459.0,95.0,360.0,1.0,2,1,4492.0,4.553876891600541
1,0,0,0,0,3902,1666.0,109.0,360.0,1.0,0,1,5568.0,4.6913478822291435
0,0,0,1,0,1500,1800.0,103.0,360.0,0.0,1,0,3300.0,4.634728988229636
1,1,2,0,0,2889,0.0,45.0,180.0,0.0,2,0,2889.0,3.8066624897703196
1,0,0,0,0,2755,0.0,65.0,300.0,1.0,0,0,2755.0,4.174387269895637
1,0,0,1,0,2500,20000.0,103.0,360.0,1.0,1,1,22500.0,4.634728988229636
0,0,0,0,0,1963,0.0,53.0,360.0,1.0,1,1,1963.0,3.970291913552122
0,0,0,1,1,7441,0.0,194.0,360.0,1.0,0,0,7441.0,5.267858159063328
0,0,0,1,0,4547,0.0,115.0,360.0,1.0,1,1,4547.0,4.74493212836325
1,1,0,0,0,2167,2400.0,115.0,360.0,1.0,2,1,4567.0,4.74493212836325
0,0,0,0,0,2213,0.0,66.0,360.0,1.0,0,1,2213.0,4.189654742026425
1,1,1,1,0,8300,0.0,152.0,300.0,0.0,1,0,8300.0,5.0238805208462765
1,1,3+,1,0,81000,0.0,360.0,360.0,0.0,0,0,81000.0,5.886104031450156
0,0,1,0,1,3867,0.0,62.0,360.0,1.0,1,0,3867.0,4.127134385045092
1,1,0,1,0,6256,0.0,160.0,360.0,1.0,2,1,6256.0,5.075173815233827
1,1,0,0,0,6096,0.0,218.0,360.0,0.0,0,0,6096.0,5.384495062789089
1,1,0,0,0,2253,2033.0,110.0,360.0,1.0,0,1,4286.0,4.700480365792417
0,1,0,0,0,2149,3237.0,178.0,360.0,0.0,1,0,5386.0,5.181783550292085
0,0,0,1,0,2995,0.0,60.0,360.0,1.0,2,1,2995.0,4.0943445622221
0,0,1,1,0,2600,0.0,160.0,360.0,1.0,2,0,2600.0,5.075173815233827
1,1,2,1,1,1600,20000.0,239.0,360.0,1.0,2,0,21600.0,5.476463551931511
1,1,0,1,0,1025,2773.0,112.0,360.0,1.0,0,1,3798.0,4.718498871295094
1,1,0,1,0,3246,1417.0,138.0,360.0,1.0,1,1,4663.0,4.927253685157205
1,1,0,1,0,5829,0.0,138.0,360.0,1.0,0,1,5829.0,4.927253685157205
0,0,0,0,0,2720,0.0,80.0,360.0,0.0,2,0,2720.0,4.382026634673881
1,1,0,1,0,1820,1719.0,100.0,360.0,1.0,2,1,3539.0,4.605170185988092
1,1,1,1,0,7250,1667.0,110.0,360.0,0.0,2,0,8917.0,4.700480365792417
1,1,0,1,0,14880,0.0,96.0,360.0,1.0,1,1,14880.0,4.564348191467836
1,1,0,1,0,2666,4300.0,121.0,360.0,1.0,0,1,6966.0,4.795790545596741
0,0,1,0,0,4606,0.0,81.0,360.0,1.0,0,0,4606.0,4.394449154672439
1,1,2,1,0,5935,0.0,133.0,360.0,1.0,1,1,5935.0,4.890349128221754
1,1,0,1,0,2920,16.12000084,87.0,360.0,1.0,0,1,2936.12000084,4.465908118654584
1,0,0,0,0,2717,0.0,60.0,180.0,1.0,2,1,2717.0,4.0943445622221
0,0,1,1,1,8624,0.0,150.0,360.0,1.0,1,1,8624.0,5.0106352940962555
1,0,0,1,0,6500,0.0,105.0,360.0,0.0,0,0,6500.0,4.653960350157523
1,0,0,1,0,12876,0.0,405.0,360.0,1.0,1,1,12876.0,6.003887067106539
1,1,0,1,0,2425,2340.0,143.0,360.0,1.0,1,1,4765.0,4.962844630259907
1,0,0,1,0,3750,0.0,100.0,360.0,1.0,2,1,3750.0,4.605170185988092
0,1,0,1,0,10047,0.0,128.0,240.0,1.0,1,1,10047.0,4.852030263919617
1,0,0,1,0,1926,1851.0,50.0,360.0,1.0,1,1,3777.0,3.912023005428146
1,1,0,1,0,2213,1125.0,128.0,360.0,1.0,2,1,3338.0,4.852030263919617
1,0,0,1,1,10416,0.0,187.0,360.0,0.0,2,0,10416.0,5.231108616854587
0,1,0,0,1,7142,0.0,138.0,360.0,1.0,0,1,7142.0,4.927253685157205
1,0,0,1,0,3660,5064.0,187.0,360.0,1.0,1,1,8724.0,5.231108616854587
1,1,0,1,0,7901,1833.0,180.0,360.0,1.0,0,1,9734.0,5.19295685089021
1,0,3+,0,0,4707,1993.0,148.0,360.0,1.0,1,1,6700.0,4.997212273764115
1,0,1,1,0,37719,0.0,152.0,360.0,1.0,1,1,37719.0,5.0238805208462765
1,1,0,1,0,7333,8333.0,175.0,300.0,1.0,0,1,15666.0,5.1647859739235145
1,1,1,1,1,3466,1210.0,130.0,360.0,1.0,0,1,4676.0,4.867534450455582
1,1,2,0,0,4652,0.0,110.0,360.0,1.0,0,1,4652.0,4.700480365792417
1,1,0,1,0,3539,1376.0,55.0,360.0,1.0,0,0,4915.0,4.007333185232471
1,1,2,1,0,3340,1710.0,150.0,360.0,0.0,0,0,5050.0,5.0106352940962555
1,0,1,0,1,2769,1542.0,190.0,360.0,1.0,1,0,4311.0,5.247024072160486
1,1,2,0,0,2309,1255.0,125.0,360.0,0.0,0,0,3564.0,4.8283137373023015
1,1,2,0,0,1958,1456.0,60.0,300.0,1.0,2,1,3414.0,4.0943445622221
1,1,0,1,0,3948,1733.0,149.0,360.0,0.0,0,0,5681.0,5.003946305945459
1,1,0,1,0,2483,2466.0,90.0,180.0,0.0,0,1,4949.0,4.499809670330265
1,0,0,1,1,7085,0.0,84.0,360.0,1.0,1,1,7085.0,4.430816798843313
1,1,2,1,0,3859,0.0,96.0,360.0,1.0,1,1,3859.0,4.564348191467836
1,1,0,1,0,4301,0.0,118.0,360.0,1.0,2,1,4301.0,4.770684624465665
1,1,0,1,0,3708,2569.0,173.0,360.0,1.0,2,0,6277.0,5.153291594497779
1,0,2,1,0,4354,0.0,136.0,360.0,1.0,0,1,4354.0,4.912654885736052
1,1,0,1,0,8334,0.0,160.0,360.0,1.0,1,0,8334.0,5.075173815233827
1,1,0,1,1,2083,4083.0,160.0,360.0,1.0,1,1,6166.0,5.075173815233827
1,1,3+,1,0,7740,0.0,128.0,180.0,1.0,2,1,7740.0,4.852030263919617
1,1,0,1,0,3015,2188.0,153.0,360.0,1.0,0,1,5203.0,5.030437921392435
0,0,1,0,0,5191,0.0,132.0,360.0,1.0,1,1,5191.0,4.882801922586371
1,0,0,1,0,4166,0.0,98.0,360.0,0.0,1,0,4166.0,4.584967478670572
1,0,0,1,0,6000,0.0,140.0,360.0,1.0,0,1,6000.0,4.941642422609304
1,1,3+,0,0,2947,1664.0,70.0,180.0,0.0,2,0,4611.0,4.248495242049359
1,1,0,1,0,16692,0.0,110.0,360.0,1.0,1,1,16692.0,4.700480365792417
0,1,2,0,0,210,2917.0,98.0,360.0,1.0,1,1,3127.0,4.584967478670572
1,1,0,1,0,4333,2451.0,110.0,360.0,1.0,2,0,6784.0,4.700480365792417
1,1,1,1,1,3450,2079.0,162.0,360.0,1.0,1,1,5529.0,5.087596335232384
1,1,1,0,0,2653,1500.0,113.0,180.0,0.0,0,0,4153.0,4.727387818712341
1,1,3+,1,0,4691,0.0,100.0,360.0,1.0,1,1,4691.0,4.605170185988092
0,0,0,1,1,2500,0.0,93.0,360.0,1.0,2,1,2500.0,4.532599493153256
1,0,2,1,0,5532,4648.0,162.0,360.0,1.0,0,1,10180.0,5.087596335232384
1,1,2,1,1,16525,1014.0,150.0,360.0,1.0,0,1,17539.0,5.0106352940962555
1,1,2,1,0,6700,1750.0,230.0,300.0,1.0,1,1,8450.0,5.438079308923196
1,1,2,1,0,2873,1872.0,132.0,360.0,0.0,1,0,4745.0,4.882801922586371
1,1,1,1,1,16667,2250.0,86.0,360.0,1.0,1,1,18917.0,4.454347296253507
1,1,2,1,0,2947,1603.0,128.0,360.0,1.0,2,0,4550.0,4.852030263919617
0,0,0,0,0,4350,0.0,154.0,360.0,1.0,0,1,4350.0,5.0369526024136295
1,1,3+,0,0,3095,0.0,113.0,360.0,1.0,0,1,3095.0,4.727387818712341
1,1,0,1,0,2083,3150.0,128.0,360.0,1.0,1,1,5233.0,4.852030263919617
1,1,0,1,0,10833,0.0,234.0,360.0,1.0,1,1,10833.0,5.455321115357702
1,1,2,1,0,8333,0.0,246.0,360.0,1.0,1,1,8333.0,5.5053315359323625
1,1,1,0,0,1958,2436.0,131.0,360.0,1.0,0,1,4394.0,4.875197323201151
1,0,2,1,0,3547,0.0,80.0,360.0,0.0,0,0,3547.0,4.382026634673881
1,1,1,1,0,18333,0.0,500.0,360.0,1.0,2,0,18333.0,6.214608098422191
1,1,2,1,1,4583,2083.0,160.0,360.0,1.0,1,1,6666.0,5.075173815233827
1,0,0,1,0,2435,0.0,75.0,360.0,1.0,2,0,2435.0,4.31748811353631
1,0,0,0,0,2699,2785.0,96.0,360.0,1.0,1,1,5484.0,4.564348191467836
1,1,1,0,0,5333,1131.0,186.0,360.0,1.0,2,1,6464.0,5.225746673713202
1,0,0,0,0,3691,0.0,110.0,360.0,1.0,0,1,3691.0,4.700480365792417
0,0,0,0,1,17263,0.0,225.0,360.0,1.0,1,1,17263.0,5.41610040220442
1,1,0,1,0,3597,2157.0,119.0,360.0,0.0,0,0,5754.0,4.77912349311153
0,1,1,1,0,3326,913.0,105.0,84.0,1.0,1,1,4239.0,4.653960350157523
1,1,0,0,0,2600,1700.0,107.0,360.0,1.0,0,1,4300.0,4.672828834461906
1,1,0,1,0,4625,2857.0,111.0,12.0,1.0,2,1,7482.0,4.709530201312334
1,1,1,1,1,2895,0.0,95.0,360.0,1.0,1,1,2895.0,4.553876891600541
1,0,0,1,0,6283,4416.0,209.0,360.0,0.0,0,0,10699.0,5.342334251964811
0,0,0,1,0,645,3683.0,113.0,480.0,1.0,0,1,4328.0,4.727387818712341
0,0,0,1,0,3159,0.0,100.0,360.0,1.0,1,1,3159.0,4.605170185988092
1,1,2,1,0,4865,5624.0,208.0,360.0,1.0,1,1,10489.0,5.337538079701318
1,1,1,0,0,4050,5302.0,138.0,360.0,1.0,0,0,9352.0,4.927253685157205
1,1,0,0,0,3814,1483.0,124.0,300.0,1.0,1,1,5297.0,4.820281565605037
1,1,2,1,0,3510,4416.0,243.0,360.0,1.0,0,1,7926.0,5.493061443340548
1,1,0,1,0,20833,6667.0,480.0,360.0,1.0,2,1,27500.0,6.173786103901937
1,0,0,1,0,3583,0.0,96.0,360.0,1.0,2,0,3583.0,4.564348191467836
1,1,0,1,1,2479,3013.0,188.0,360.0,1.0,2,1,5492.0,5.236441962829949
0,0,1,1,0,13262,0.0,40.0,360.0,1.0,2,1,13262.0,3.6888794541139363
1,0,0,0,0,3598,1287.0,100.0,360.0,1.0,0,0,4885.0,4.605170185988092
1,1,1,1,0,6065,2004.0,250.0,360.0,1.0,1,1,8069.0,5.521460917862246
1,1,2,1,0,3283,2035.0,148.0,360.0,1.0,2,1,5318.0,4.997212273764115
1,1,0,1,0,2130,6666.0,70.0,180.0,1.0,1,0,8796.0,4.248495242049359
1,0,0,1,0,5815,3666.0,311.0,360.0,1.0,0,0,9481.0,5.739792912179234
1,1,3+,1,0,3466,3428.0,150.0,360.0,1.0,0,1,6894.0,5.0106352940962555
0,1,2,1,0,2031,1632.0,113.0,480.0,1.0,1,1,3663.0,4.727387818712341
1,1,0,0,0,3074,1800.0,123.0,360.0,0.0,1,0,4874.0,4.812184355372417
1,0,0,1,0,4683,1915.0,185.0,360.0,1.0,1,0,6598.0,5.220355825078324
0,0,0,0,0,3400,0.0,95.0,360.0,1.0,0,0,3400.0,4.553876891600541
1,1,2,0,0,2192,1742.0,45.0,360.0,1.0,1,1,3934.0,3.8066624897703196
1,0,0,1,0,2500,0.0,55.0,360.0,1.0,1,1,2500.0,4.007333185232471
1,1,3+,1,1,5677,1424.0,100.0,360.0,1.0,0,1,7101.0,4.605170185988092
1,1,2,1,1,7948,7166.0,480.0,360.0,1.0,0,1,15114.0,6.173786103901937
1,0,0,1,0,4680,2087.0,128.0,360.0,1.0,1,0,6767.0,4.852030263919617
1,1,2,1,1,17500,0.0,400.0,360.0,1.0,0,1,17500.0,5.991464547107982
1,1,0,1,0,3775,0.0,110.0,360.0,1.0,1,1,3775.0,4.700480365792417
1,1,1,0,0,5285,1430.0,161.0,360.0,0.0,1,1,6715.0,5.081404364984463
1,0,1,0,0,2679,1302.0,94.0,360.0,1.0,1,1,3981.0,4.543294782270004
1,0,0,0,0,6783,0.0,130.0,360.0,1.0,1,1,6783.0,4.867534450455582
1,1,0,1,0,1025,5500.0,216.0,360.0,1.0,0,1,6525.0,5.375278407684165
1,1,3+,1,0,4281,0.0,100.0,360.0,1.0,2,1,4281.0,4.605170185988092
1,0,2,1,0,3588,0.0,110.0,360.0,0.0,0,0,3588.0,4.700480365792417
1,0,1,1,0,11250,0.0,196.0,360.0,1.0,1,0,11250.0,5.278114659230517
0,0,0,0,1,18165,0.0,125.0,360.0,1.0,2,1,18165.0,4.8283137373023015
1,0,0,0,0,2550,2042.0,126.0,360.0,1.0,0,1,4592.0,4.836281906951478
1,1,0,1,0,6133,3906.0,324.0,360.0,1.0,2,1,10039.0,5.780743515792329
1,0,2,1,0,3617,0.0,107.0,360.0,1.0,1,1,3617.0,4.672828834461906
1,1,0,0,0,2917,536.0,66.0,360.0,1.0,0,0,3453.0,4.189654742026425
1,1,3+,1,0,6417,0.0,157.0,180.0,1.0,0,1,6417.0,5.056245805348308
0,1,1,1,0,4608,2845.0,140.0,180.0,1.0,1,1,7453.0,4.941642422609304
0,0,0,1,0,2138,0.0,99.0,360.0,0.0,1,0,2138.0,4.59511985013459
0,0,1,1,0,3652,0.0,95.0,360.0,1.0,1,1,3652.0,4.553876891600541
1,1,1,0,0,2239,2524.0,128.0,360.0,1.0,2,1,4763.0,4.852030263919617
0,1,0,0,0,3017,663.0,102.0,360.0,1.0,1,1,3680.0,4.624972813284271
1,1,0,1,0,2768,1950.0,155.0,360.0,1.0,0,1,4718.0,5.043425116919247
1,0,0,0,0,3358,0.0,80.0,36.0,1.0,1,0,3358.0,4.382026634673881
1,0,0,1,0,2526,1783.0,145.0,360.0,1.0,0,1,4309.0,4.976733742420574
0,0,0,1,0,5000,0.0,103.0,360.0,0.0,1,0,5000.0,4.634728988229636
1,1,0,1,0,2785,2016.0,110.0,360.0,1.0,0,1,4801.0,4.700480365792417
1,1,2,1,1,6633,0.0,128.0,360.0,0.0,0,0,6633.0,4.852030263919617
1,1,1,0,0,2492,2375.0,128.0,360.0,1.0,0,1,4867.0,4.852030263919617
1,1,1,1,0,3333,3250.0,158.0,360.0,1.0,2,1,6583.0,5.062595033026967
1,1,0,0,0,2454,2333.0,181.0,360.0,0.0,2,0,4787.0,5.198497031265826
1,1,0,1,0,3593,4266.0,132.0,180.0,0.0,0,0,7859.0,4.882801922586371
1,1,1,1,0,5468,1032.0,26.0,360.0,1.0,1,1,6500.0,3.258096538021482
0,0,0,1,0,2667,1625.0,84.0,360.0,1.0,2,1,4292.0,4.430816798843313
1,1,3+,1,1,10139,0.0,260.0,360.0,1.0,1,1,10139.0,5.560681631015528
1,1,0,1,0,3887,2669.0,162.0,360.0,1.0,1,1,6556.0,5.087596335232384
0,1,0,1,0,4180,2306.0,182.0,360.0,1.0,1,1,6486.0,5.204006687076795
1,1,2,0,0,3675,242.0,108.0,360.0,1.0,1,1,3917.0,4.68213122712422
0,1,1,1,1,19484,0.0,600.0,360.0,1.0,1,1,19484.0,6.396929655216146
1,1,0,1,0,5923,2054.0,211.0,360.0,1.0,0,1,7977.0,5.351858133476067
1,0,0,0,1,5800,0.0,132.0,360.0,1.0,1,1,5800.0,4.882801922586371
1,1,2,1,0,8799,0.0,258.0,360.0,0.0,2,0,8799.0,5.552959584921617
1,1,0,0,0,4467,0.0,120.0,360.0,1.0,0,1,4467.0,4.787491742782046
1,0,0,1,0,3333,0.0,70.0,360.0,1.0,2,1,3333.0,4.248495242049359
1,1,3+,1,0,3400,2500.0,123.0,360.0,0.0,0,0,5900.0,4.812184355372417
0,0,0,1,0,2378,0.0,9.0,360.0,1.0,2,0,2378.0,2.1972245773362196
1,1,0,1,0,3166,2064.0,104.0,360.0,0.0,2,0,5230.0,4.6443908991413725
1,1,1,1,0,3417,1750.0,186.0,360.0,1.0,2,1,5167.0,5.225746673713202
1,1,0,1,0,5116,1451.0,165.0,360.0,0.0,2,0,6567.0,5.10594547390058
1,1,2,1,0,16666,0.0,275.0,360.0,1.0,2,1,16666.0,5.616771097666572
1,1,2,0,0,6125,1625.0,187.0,480.0,1.0,1,0,7750.0,5.231108616854587
1,1,3+,1,0,6406,0.0,150.0,360.0,1.0,1,0,6406.0,5.0106352940962555
1,1,2,1,0,3159,461.0,108.0,84.0,1.0,2,1,3620.0,4.68213122712422
1,1,0,1,0,3087,2210.0,136.0,360.0,0.0,1,0,5297.0,4.912654885736052
1,0,0,1,0,3229,2739.0,110.0,360.0,1.0,2,1,5968.0,4.700480365792417
1,1,1,1,0,1782,2232.0,107.0,360.0,1.0,0,1,4014.0,4.672828834461906
1,0,0,1,0,3182,2917.0,161.0,360.0,1.0,2,1,6099.0,5.081404364984463
1,1,2,1,0,6540,0.0,205.0,360.0,1.0,1,1,6540.0,5.3230099791384085
1,0,0,1,0,1836,33837.0,90.0,360.0,1.0,2,0,35673.0,4.499809670330265
0,1,0,1,0,3166,0.0,36.0,360.0,1.0,1,1,3166.0,3.58351893845611
1,1,1,1,0,1880,0.0,61.0,360.0,1.0,0,0,1880.0,4.110873864173311
1,1,1,1,0,2787,1917.0,146.0,360.0,0.0,0,0,4704.0,4.983606621708336
1,1,1,1,0,4283,3000.0,172.0,84.0,1.0,0,0,7283.0,5.147494476813453
1,1,0,1,0,2297,1522.0,104.0,360.0,1.0,2,1,3819.0,4.6443908991413725
0,0,0,0,0,2165,0.0,70.0,360.0,1.0,1,1,2165.0,4.248495242049359
1,0,0,1,0,4750,0.0,94.0,360.0,1.0,1,1,4750.0,4.543294782270004
1,1,2,1,1,2726,0.0,106.0,360.0,0.0,1,0,2726.0,4.663439094112067
1,1,0,1,0,3000,3416.0,56.0,180.0,1.0,1,1,6416.0,4.02535169073515
1,1,2,1,1,6000,0.0,205.0,240.0,1.0,1,0,6000.0,5.3230099791384085
1,0,3+,1,1,9357,0.0,292.0,360.0,1.0,1,1,9357.0,5.676753802268282
1,1,0,1,0,3859,3300.0,142.0,180.0,1.0,0,1,7159.0,4.955827057601261
1,1,0,1,1,16120,0.0,260.0,360.0,1.0,2,1,16120.0,5.560681631015528
1,0,0,0,0,3833,0.0,110.0,360.0,1.0,0,1,3833.0,4.700480365792417
1,1,2,0,1,6383,1000.0,187.0,360.0,1.0,0,0,7383.0,5.231108616854587
1,0,0,1,0,2987,0.0,88.0,360.0,0.0,1,0,2987.0,4.477336814478207
1,1,0,1,1,9963,0.0,180.0,360.0,1.0,0,1,9963.0,5.19295685089021
1,1,2,1,0,5780,0.0,192.0,360.0,1.0,2,1,5780.0,5.2574953720277815
0,0,3+,1,0,416,41667.0,350.0,180.0,1.0,2,0,42083.0,5.857933154483459
1,1,0,0,0,2894,2792.0,155.0,360.0,1.0,0,1,5686.0,5.043425116919247
1,1,3+,1,0,5703,0.0,128.0,360.0,1.0,2,1,5703.0,4.852030263919617
1,0,0,1,0,3676,4301.0,172.0,360.0,1.0,0,1,7977.0,5.147494476813453
0,1,1,1,0,12000,0.0,496.0,360.0,1.0,1,1,12000.0,6.206575926724928
1,1,0,0,0,2400,3800.0,128.0,180.0,1.0,2,0,6200.0,4.852030263919617
1,1,1,1,0,3400,2500.0,173.0,360.0,1.0,1,1,5900.0,5.153291594497779
1,1,2,0,0,3987,1411.0,157.0,360.0,1.0,0,1,5398.0,5.056245805348308
1,1,0,1,0,3232,1950.0,108.0,360.0,1.0,0,1,5182.0,4.68213122712422
0,0,0,1,0,2900,0.0,71.0,360.0,1.0,0,1,2900.0,4.2626798770413155
1,1,3+,1,0,4106,0.0,40.0,180.0,1.0,0,1,4106.0,3.6888794541139363
1,1,1,1,0,8072,240.0,253.0,360.0,1.0,2,1,8312.0,5.53338948872752
1,1,2,1,0,7583,0.0,187.0,360.0,1.0,2,1,7583.0,5.231108616854587
0,0,0,1,1,4583,0.0,133.0,360.0,0.0,1,0,4583.0,4.890349128221754
